# Sesion:6 Fecha:2026-04-05 21:14:14 Shots:1 Duracion:15,03s
tSeg,ms,qw,qx,qy,qz,filteredElev,shot
0.0000,1357006,0.402039,-0.458496,-0.516174,0.601440,66.9401,0
0.0100,1357016,0.404602,-0.456177,-0.518127,0.599731,67.4799,0
0.0200,1357026,0.407104,-0.454102,-0.520203,0.597900,67.9921,0
0.0300,1357036,0.409485,-0.452087,-0.522217,0.596008,68.4947,0
0.0400,1357046,0.411926,-0.450073,-0.524109,0.594177,69.0101,0
0.0500,1357056,0.414429,-0.447937,-0.525757,0.592529,69.5538,0
0.0600,1357066,0.417053,-0.445618,-0.527222,0.591187,70.1380,0
0.0700,1357076,0.419739,-0.443176,-0.528442,0.590027,70.7559,0
0.0800,1357086,0.422485,-0.440613,-0.529602,0.588989,71.4073,0
0.0900,1357096,0.425171,-0.438110,-0.530701,0.587952,72.0475,0
0.1000,1357106,0.427673,-0.435669,-0.531860,0.586853,72.6478,0
0.1100,1357116,0.429993,-0.433594,-0.533203,0.585510,73.1947,0
0.1200,1357126,0.432068,-0.431702,-0.534729,0.583984,73.6832,0
0.1300,1357136,0.433838,-0.430176,-0.536377,0.582214,74.0538,0
0.1400,1357146,0.435425,-0.429016,-0.538330,0.580139,74.3913,0
0.1500,1357156,0.436829,-0.427917,-0.540344,0.578003,74.7379,0
0.1600,1357166,0.438171,-0.426819,-0.542419,0.575867,75.1320,0
0.1700,1357176,0.439697,-0.425415,-0.544250,0.574036,75.5971,0
0.1800,1357186,0.441406,-0.423706,-0.545715,0.572571,76.1233,0
0.1900,1357196,0.443237,-0.421631,-0.546936,0.571533,76.6872,0
0.2000,1357206,0.447083,-0.417114,-0.548767,0.570068,77.2479,0
0.2100,1357216,0.448914,-0.414978,-0.549683,0.569336,77.7822,0
0.2200,1357226,0.450562,-0.413025,-0.550659,0.568481,78.2781,0
0.2300,1357236,0.452087,-0.411194,-0.551758,0.567505,78.7398,0
0.2400,1357246,0.453613,-0.409485,-0.552856,0.566467,79.1798,0
0.2500,1357256,0.454529,-0.408325,-0.553833,0.565674,79.5991,0
0.2600,1357266,0.455383,-0.407104,-0.554810,0.564819,79.9943,0
0.2700,1357276,0.456299,-0.405945,-0.555908,0.563904,80.3769,0
0.2800,1357286,0.457153,-0.404724,-0.556885,0.563110,80.7676,0
0.2900,1357296,0.458496,-0.402954,-0.557861,0.562317,81.1846,0
0.3000,1357306,0.459900,-0.401062,-0.558777,0.561646,81.6166,0
0.3100,1357316,0.461243,-0.399170,-0.559631,0.560974,82.0436,0
0.3200,1357326,0.462585,-0.397339,-0.560547,0.560303,82.4542,0
0.3300,1357336,0.463745,-0.395630,-0.561523,0.559570,82.8337,0
0.3400,1357346,0.464783,-0.394165,-0.562622,0.558655,83.1799,0
0.3500,1357356,0.465759,-0.392761,-0.563721,0.557678,83.5042,0
0.3600,1357366,0.466431,-0.391785,-0.564819,0.556763,83.8174,0
0.3700,1357376,0.466980,-0.390869,-0.566040,0.555664,84.1036,0
0.3800,1357386,0.467468,-0.389954,-0.567322,0.554565,84.3708,0
0.3900,1357396,0.467957,-0.389099,-0.568665,0.553345,84.6292,0
0.4000,1357406,0.468506,-0.388184,-0.569946,0.552307,84.8991,0
0.4100,1357416,0.469238,-0.387024,-0.570984,0.551331,85.1922,0
0.4200,1357426,0.470032,-0.385803,-0.571899,0.550598,85.5578,0
0.4300,1357436,0.471008,-0.384399,-0.572510,0.550110,85.9467,0
0.4400,1357446,0.472046,-0.382874,-0.572998,0.549744,86.3326,0
0.4500,1357456,0.473145,-0.381287,-0.573486,0.549438,86.7005,0
0.4600,1357466,0.474243,-0.379761,-0.573975,0.549011,87.0397,0
0.4700,1357476,0.475037,-0.378601,-0.574646,0.548401,87.3465,0
0.4800,1357486,0.476562,-0.376831,-0.576172,0.546692,87.6193,0
0.4900,1357496,0.477295,-0.376160,-0.577026,0.545654,87.8665,0
0.5000,1357506,0.478088,-0.375488,-0.577942,0.544434,88.0989,0
0.5100,1357516,0.478943,-0.374817,-0.578796,0.543274,88.3308,0
0.5200,1357526,0.479858,-0.374023,-0.579590,0.542175,88.5730,0
0.5300,1357536,0.480774,-0.373108,-0.580383,0.541077,88.8202,0
0.5400,1357546,0.481812,-0.372253,-0.581177,0.539917,89.0485,0
0.5500,1357556,0.482788,-0.371521,-0.582031,0.538696,89.2557,0
0.5600,1357566,0.483582,-0.370911,-0.582886,0.537415,89.4495,0
0.5700,1357576,0.484253,-0.370422,-0.583679,0.536255,89.6370,0
0.5800,1357586,0.484863,-0.369934,-0.584473,0.535217,89.8311,0
0.5900,1357596,0.485352,-0.369446,-0.585205,0.534302,90.0312,0
0.6000,1357606,0.485779,-0.369019,-0.585815,0.533508,90.2370,0
0.6100,1357616,0.486206,-0.368469,-0.586426,0.532898,90.4513,0
0.6200,1357626,0.486572,-0.367920,-0.586975,0.532288,90.6718,0
0.6300,1357636,0.486938,-0.367371,-0.587463,0.531799,90.8953,0
0.6400,1357646,0.487244,-0.366760,-0.588013,0.531311,91.1098,0
0.6500,1357656,0.487488,-0.366211,-0.588623,0.530823,91.3121,0
0.6600,1357666,0.487732,-0.365662,-0.589233,0.530273,91.5100,0
0.6700,1357676,0.487976,-0.365112,-0.589905,0.529724,91.6916,0
0.6800,1357686,0.488098,-0.364685,-0.590637,0.529053,91.8507,0
0.6900,1357696,0.488159,-0.364441,-0.591492,0.528259,91.9813,0
0.7000,1357706,0.488159,-0.364319,-0.592346,0.527344,92.0885,0
0.7100,1357716,0.488098,-0.364319,-0.593140,0.526489,92.2035,0
0.7200,1357726,0.488159,-0.364319,-0.593872,0.525635,92.3343,0
0.7300,1357736,0.488220,-0.364319,-0.594482,0.524902,92.4990,0
0.7400,1357746,0.488464,-0.364136,-0.594849,0.524353,92.7105,0
0.7500,1357756,0.488892,-0.363708,-0.595032,0.524048,92.9579,0
0.7600,1357766,0.489441,-0.363159,-0.594971,0.523987,93.2139,0
0.7700,1357776,0.490479,-0.361938,-0.594788,0.524048,93.4459,0
0.7800,1357786,0.490845,-0.361572,-0.594849,0.523926,93.6362,0
0.7900,1357796,0.490967,-0.361389,-0.595032,0.523682,93.7839,0
0.8000,1357806,0.490967,-0.361389,-0.595398,0.523315,93.8945,0
0.8100,1357816,0.490845,-0.361450,-0.595825,0.522888,93.9813,0
0.8200,1357826,0.490662,-0.361572,-0.596313,0.522461,94.0609,0
0.8300,1357836,0.490479,-0.361511,-0.596741,0.522156,94.1584,0
0.8400,1357846,0.490417,-0.361206,-0.596985,0.522156,94.2922,0
0.8500,1357856,0.490356,-0.360779,-0.597107,0.522339,94.4531,0
0.8600,1357866,0.490295,-0.360413,-0.597168,0.522583,94.6190,0
0.8700,1357876,0.490112,-0.360229,-0.597107,0.522949,94.7660,0
0.8800,1357886,0.489807,-0.360352,-0.597046,0.523193,94.8799,0
0.8900,1357896,0.489563,-0.360657,-0.596985,0.523315,94.9709,0
0.9000,1357906,0.489258,-0.361023,-0.596802,0.523499,95.0536,0
0.9100,1357916,0.489014,-0.361389,-0.596558,0.523804,95.1487,0
0.9200,1357926,0.488770,-0.361633,-0.596191,0.524292,95.2540,0
0.9300,1357936,0.488586,-0.361816,-0.595703,0.524902,95.3681,0
0.9400,1357946,0.488342,-0.362061,-0.595215,0.525513,95.4661,0
0.9500,1357956,0.487915,-0.362549,-0.594788,0.526001,95.5292,0
0.9600,1357966,0.487366,-0.363220,-0.594482,0.526489,95.5526,0
0.9700,1357976,0.486633,-0.364075,-0.594177,0.526917,95.5441,0
0.9800,1357986,0.485779,-0.364990,-0.593750,0.527466,95.5488,0
0.9900,1357996,0.484924,-0.365906,-0.593323,0.528137,95.5421,0
1.0000,1358006,0.484009,-0.366882,-0.592834,0.528809,95.5263,0
1.0100,1358016,0.483154,-0.367859,-0.592285,0.529541,95.5002,0
1.0200,1358026,0.482239,-0.368896,-0.591797,0.530212,95.4630,0
1.0300,1358036,0.481323,-0.369995,-0.591248,0.530884,95.4213,0
1.0400,1358046,0.480408,-0.371094,-0.590637,0.531616,95.3770,0
1.0500,1358056,0.478699,-0.373047,-0.589539,0.533081,95.3411,0
1.0600,1358066,0.477966,-0.373779,-0.588867,0.533936,95.3171,0
1.0700,1358076,0.477417,-0.374390,-0.588135,0.534790,95.3053,0
1.0800,1358086,0.476929,-0.374878,-0.587463,0.535645,95.2979,0
1.0900,1358096,0.476440,-0.375366,-0.586853,0.536377,95.2722,0
1.1000,1358106,0.475952,-0.375916,-0.586365,0.536926,95.2142,0
1.1100,1358116,0.475342,-0.376587,-0.586121,0.537292,95.1256,0
1.1200,1358126,0.474731,-0.377197,-0.585876,0.537659,95.0268,0
1.1300,1358136,0.474121,-0.377747,-0.585632,0.538086,94.9374,0
1.1400,1358146,0.473572,-0.378174,-0.585327,0.538635,94.8731,0
1.1500,1358156,0.472961,-0.378540,-0.584839,0.539429,94.8289,0
1.1600,1358166,0.472351,-0.378906,-0.584290,0.540283,94.7908,0
1.1700,1358176,0.471619,-0.379395,-0.583740,0.541199,94.7369,0
1.1800,1358186,0.470825,-0.380005,-0.583313,0.541992,94.6556,0
1.1900,1358196,0.469849,-0.380737,-0.583008,0.542542,94.5305,0
1.2000,1358206,0.468750,-0.381714,-0.582825,0.542969,94.3793,0
1.2100,1358216,0.467773,-0.382507,-0.582825,0.543335,94.2183,0
1.2200,1358226,0.466919,-0.383179,-0.582764,0.543701,94.0687,0
1.2300,1358236,0.466064,-0.383789,-0.582703,0.544006,93.9245,0
1.2400,1358246,0.465332,-0.384399,-0.582581,0.544312,93.7902,0
1.2500,1358256,0.464600,-0.385010,-0.582458,0.544617,93.6600,0
1.2600,1358266,0.463867,-0.385681,-0.582275,0.544983,93.5491,0
1.2700,1358276,0.463196,-0.386414,-0.581970,0.545410,93.4409,0
1.2800,1358286,0.462524,-0.387146,-0.581543,0.545898,93.3389,0
1.2900,1358296,0.461792,-0.387878,-0.581116,0.546509,93.2406,0
1.3000,1358306,0.460937,-0.388611,-0.580627,0.547180,93.1395,0
1.3100,1358316,0.460022,-0.389282,-0.580200,0.547913,93.0354,0
1.3200,1358326,0.459106,-0.390015,-0.579712,0.548706,92.9337,0
1.3300,1358336,0.457214,-0.391296,-0.578735,0.550354,92.8337,0
1.3400,1358346,0.456421,-0.391907,-0.578247,0.551147,92.7289,0
1.3500,1358356,0.455627,-0.392456,-0.577820,0.551819,92.6146,0
1.3600,1358366,0.454895,-0.393066,-0.577515,0.552307,92.4814,0
1.3700,1358376,0.454041,-0.393860,-0.577393,0.552612,92.3147,0
1.3800,1358386,0.453247,-0.394714,-0.577393,0.552673,92.1264,0
1.3900,1358396,0.452454,-0.395569,-0.577393,0.552673,91.9390,0
1.4000,1358406,0.451782,-0.396301,-0.577332,0.552734,91.7690,0
1.4100,1358416,0.451172,-0.396973,-0.577148,0.552979,91.6335,0
1.4200,1358426,0.450623,-0.397522,-0.576843,0.553345,91.5305,0
1.4300,1358436,0.450195,-0.398010,-0.576355,0.553833,91.4443,0
1.4400,1358446,0.449768,-0.398560,-0.575867,0.554321,91.3549,0
1.4500,1358456,0.449280,-0.399231,-0.575439,0.554687,91.2491,0
1.4600,1358466,0.448730,-0.399902,-0.575195,0.554932,91.1191,0
1.4700,1358476,0.448181,-0.400635,-0.574951,0.555054,90.9787,0
1.4800,1358486,0.447693,-0.401306,-0.574768,0.555115,90.8434,0
1.4900,1358496,0.447266,-0.401978,-0.574585,0.555176,90.7049,0
1.5000,1358506,0.446838,-0.402649,-0.574402,0.555176,90.5601,0
1.5100,1358516,0.446350,-0.403442,-0.574280,0.555176,90.4135,0
1.5200,1358526,0.445923,-0.404114,-0.574158,0.555176,90.2762,0
1.5300,1358536,0.445557,-0.404663,-0.573853,0.555359,90.1742,0
1.5400,1358546,0.445374,-0.405090,-0.573303,0.555786,90.1151,0
1.5500,1358556,0.445190,-0.405396,-0.572693,0.556274,90.0723,0
1.5600,1358566,0.445068,-0.405701,-0.572083,0.556763,90.0190,0
1.5700,1358576,0.444946,-0.406067,-0.571533,0.557190,89.9499,0
1.5800,1358586,0.444763,-0.406494,-0.571045,0.557495,89.8686,0
1.5900,1358596,0.444580,-0.406921,-0.570679,0.557800,89.7768,0
1.6000,1358606,0.444336,-0.407349,-0.570312,0.557983,89.6835,0
1.6100,1358616,0.443848,-0.408142,-0.569702,0.558472,89.5976,0
1.6200,1358626,0.443604,-0.408386,-0.569397,0.558777,89.5248,0
1.6300,1358636,0.443481,-0.408508,-0.569031,0.559204,89.4698,0
1.6400,1358646,0.443420,-0.408447,-0.568604,0.559631,89.4335,0
1.6500,1358656,0.443481,-0.408447,-0.568115,0.560120,89.4072,0
1.6600,1358666,0.443481,-0.408386,-0.567688,0.560608,89.3803,0
1.6700,1358676,0.443481,-0.408386,-0.567261,0.561035,89.3422,0
1.6800,1358686,0.443420,-0.408447,-0.566956,0.561340,89.2851,0
1.6900,1358696,0.443359,-0.408508,-0.566772,0.561523,89.2125,0
1.7000,1358706,0.443237,-0.408630,-0.566711,0.561646,89.1297,0
1.7100,1358716,0.443237,-0.408630,-0.566650,0.561646,89.0481,0
1.7200,1358726,0.443237,-0.408630,-0.566650,0.561707,88.9735,0
1.7300,1358736,0.443298,-0.408508,-0.566589,0.561707,88.9097,0
1.7400,1358746,0.443420,-0.408386,-0.566528,0.561768,88.8569,0
1.7500,1358756,0.443542,-0.408264,-0.566406,0.561890,88.8152,0
1.7600,1358766,0.443665,-0.408142,-0.566345,0.561951,88.7696,0
1.7700,1358776,0.443726,-0.408142,-0.566284,0.562012,88.7144,0
1.7800,1358786,0.443665,-0.408142,-0.566345,0.561951,88.6405,0
1.7900,1358796,0.443542,-0.408325,-0.566467,0.561890,88.5560,0
1.8000,1358806,0.443359,-0.408447,-0.566528,0.561768,88.4734,0
1.8100,1358816,0.443298,-0.408569,-0.566528,0.561768,88.4067,0
1.8200,1358826,0.443176,-0.408508,-0.566528,0.561890,88.3618,0
1.8300,1358836,0.443176,-0.408386,-0.566467,0.562073,88.3316,0
1.8400,1358846,0.443176,-0.408203,-0.566528,0.562195,88.2982,0
1.8500,1358856,0.443176,-0.407959,-0.566589,0.562256,88.2607,0
1.8600,1358866,0.443176,-0.407776,-0.566711,0.562256,88.2137,0
1.8700,1358876,0.443176,-0.407654,-0.566895,0.562195,88.1602,0
1.8800,1358886,0.443176,-0.407654,-0.567017,0.562073,88.1047,0
1.8900,1358896,0.443115,-0.407715,-0.567139,0.561951,88.0501,0
1.9000,1358906,0.442871,-0.408081,-0.567322,0.561768,87.9982,0
1.9100,1358916,0.442688,-0.408203,-0.567383,0.561646,87.9478,0
1.9200,1358926,0.442566,-0.408386,-0.567383,0.561646,87.9068,0
1.9300,1358936,0.442505,-0.408447,-0.567322,0.561707,87.8810,0
1.9400,1358946,0.442444,-0.408447,-0.567261,0.561829,87.8689,0
1.9500,1358956,0.442444,-0.408447,-0.567139,0.561951,87.8610,0
1.9600,1358966,0.442383,-0.408325,-0.567139,0.562073,87.8517,0
1.9700,1358976,0.442261,-0.408325,-0.567139,0.562195,87.8357,0
1.9800,1358986,0.442139,-0.408264,-0.567200,0.562256,87.8127,0
1.9900,1358996,0.442017,-0.408203,-0.567200,0.562378,87.7890,0
2.0000,1359006,0.441895,-0.408142,-0.567261,0.562500,87.7660,0
2.0100,1359016,0.441772,-0.408081,-0.567322,0.562561,87.7411,0
2.0200,1359026,0.441528,-0.408081,-0.567444,0.562622,87.7115,0
2.0300,1359036,0.441345,-0.408020,-0.567566,0.562683,87.6798,0
2.0400,1359046,0.441101,-0.408020,-0.567627,0.562805,87.6545,0
2.0500,1359056,0.440918,-0.407959,-0.567688,0.562927,87.6332,0
2.0600,1359066,0.440735,-0.407898,-0.567749,0.563049,87.6142,0
2.0700,1359076,0.440552,-0.407898,-0.567810,0.563110,87.5908,0
2.0800,1359086,0.440369,-0.407959,-0.567932,0.563110,87.5621,0
2.0900,1359096,0.440186,-0.408020,-0.567993,0.563171,87.5304,0
2.1000,1359106,0.440063,-0.408020,-0.567993,0.563232,87.5117,0
2.1100,1359116,0.440063,-0.408020,-0.567932,0.563354,87.5211,0
2.1200,1359126,0.440063,-0.407959,-0.567749,0.563538,87.5260,0
2.1300,1359136,0.440002,-0.408020,-0.567627,0.563660,87.5150,0
2.1400,1359146,0.439941,-0.408142,-0.567444,0.563782,87.4903,0
2.1500,1359156,0.439819,-0.408447,-0.567322,0.563843,87.4572,0
2.1600,1359166,0.439636,-0.408752,-0.567261,0.563843,87.4281,0
2.1700,1359176,0.439453,-0.408997,-0.567139,0.563904,87.4057,0
2.1800,1359186,0.439148,-0.409302,-0.566895,0.564148,87.3933,0
2.1900,1359196,0.439026,-0.409363,-0.566833,0.564270,87.3807,0
2.2000,1359206,0.438843,-0.409424,-0.566772,0.564392,87.3641,0
2.2100,1359216,0.438721,-0.409546,-0.566772,0.564392,87.3364,0
2.2200,1359226,0.438538,-0.409790,-0.566772,0.564392,87.2951,0
2.2300,1359236,0.438293,-0.409973,-0.566895,0.564331,87.2499,0
2.2400,1359246,0.438171,-0.410217,-0.566895,0.564209,87.2093,0
2.2500,1359256,0.438049,-0.410400,-0.566895,0.564148,87.1748,0
2.2600,1359266,0.437988,-0.410583,-0.566895,0.564148,87.1538,0
2.2700,1359276,0.438049,-0.410706,-0.566772,0.564148,87.1458,0
2.2800,1359286,0.438049,-0.410828,-0.566589,0.564209,87.1406,0
2.2900,1359296,0.438049,-0.410950,-0.566528,0.564148,87.1278,0
2.3000,1359306,0.438049,-0.411133,-0.566467,0.564087,87.1001,0
2.3100,1359316,0.438049,-0.411377,-0.566467,0.563904,87.0626,0
2.3200,1359326,0.437988,-0.411621,-0.566467,0.563782,87.0293,0
2.3300,1359336,0.438049,-0.411743,-0.566345,0.563782,87.0173,0
2.3400,1359346,0.438110,-0.411682,-0.566223,0.563843,87.0237,0
2.3500,1359356,0.438171,-0.411621,-0.566101,0.564026,87.0416,0
2.3600,1359366,0.438293,-0.411560,-0.565918,0.564148,87.0581,0
2.3700,1359376,0.438354,-0.411499,-0.565796,0.564209,87.0672,0
2.3800,1359386,0.438416,-0.411560,-0.565735,0.564270,87.0572,0
2.3900,1359396,0.438416,-0.411682,-0.565735,0.564148,87.0324,0
2.4000,1359406,0.438416,-0.411743,-0.565735,0.564087,87.0141,0
2.4100,1359416,0.438416,-0.411865,-0.565674,0.564087,87.0056,0
2.4200,1359426,0.438416,-0.411926,-0.565613,0.564087,87.0024,0
2.4300,1359436,0.438416,-0.411865,-0.565552,0.564148,87.0016,0
2.4400,1359446,0.438477,-0.411865,-0.565491,0.564209,86.9991,0
2.4500,1359456,0.438477,-0.411865,-0.565430,0.564270,86.9867,0
2.4600,1359466,0.438477,-0.411987,-0.565430,0.564148,86.9594,0
2.4700,1359476,0.438416,-0.412170,-0.565552,0.563965,86.9198,0
2.4800,1359486,0.438416,-0.412354,-0.565674,0.563721,86.8793,0
2.4900,1359496,0.438354,-0.412537,-0.565735,0.563599,86.8520,0
2.5000,1359506,0.438416,-0.412598,-0.565674,0.563538,86.8428,0
2.5100,1359516,0.438538,-0.412537,-0.565613,0.563538,86.8494,0
2.5200,1359526,0.438721,-0.412537,-0.565491,0.563477,86.8551,0
2.5300,1359536,0.438843,-0.412598,-0.565491,0.563416,86.8487,0
2.5400,1359546,0.438904,-0.412720,-0.565552,0.563232,86.8230,0
2.5500,1359556,0.438843,-0.412964,-0.565613,0.562988,86.7855,0
2.5600,1359566,0.438782,-0.413147,-0.565735,0.562805,86.7511,0
2.5700,1359576,0.438782,-0.413330,-0.565735,0.562683,86.7332,0
2.5800,1359586,0.438782,-0.413391,-0.565674,0.562683,86.7322,0
2.5900,1359596,0.438721,-0.413391,-0.565552,0.562805,86.7420,0
2.6000,1359606,0.438782,-0.413391,-0.565491,0.562866,86.7525,0
2.6100,1359616,0.438782,-0.413391,-0.565491,0.562866,86.7554,0
2.6200,1359626,0.438721,-0.413391,-0.565491,0.562866,86.7492,0
2.6300,1359636,0.438660,-0.413513,-0.565552,0.562805,86.7342,0
2.6400,1359646,0.438599,-0.413574,-0.565552,0.562805,86.7224,0
2.6500,1359656,0.438538,-0.413635,-0.565491,0.562866,86.7195,0
2.6600,1359666,0.438477,-0.413635,-0.565430,0.562988,86.7280,0
2.6700,1359676,0.438538,-0.413635,-0.565247,0.563110,86.7455,0
2.6800,1359686,0.438538,-0.413574,-0.565125,0.563293,86.7687,0
2.6900,1359696,0.438599,-0.413513,-0.564941,0.563477,86.7806,0
2.7000,1359706,0.438599,-0.413452,-0.564819,0.563599,86.7811,0
2.7100,1359716,0.438599,-0.413452,-0.564819,0.563599,86.7733,0
2.7200,1359726,0.438599,-0.413513,-0.564758,0.563660,86.7659,0
2.7300,1359736,0.438599,-0.413513,-0.564758,0.563660,86.7695,0
2.7400,1359746,0.438599,-0.413452,-0.564697,0.563721,86.7771,0
2.7500,1359756,0.438782,-0.413391,-0.564575,0.563782,86.7796,0
2.7600,1359766,0.438843,-0.413391,-0.564575,0.563721,86.7709,0
2.7700,1359776,0.438843,-0.413452,-0.564697,0.563599,86.7483,0
2.7800,1359786,0.438843,-0.413574,-0.564758,0.563416,86.7209,0
2.7900,1359796,0.438782,-0.413757,-0.564819,0.563232,86.7002,0
2.8000,1359806,0.438782,-0.413818,-0.564819,0.563171,86.6925,0
2.8100,1359816,0.438843,-0.413879,-0.564758,0.563171,86.6970,0
2.8200,1359826,0.438965,-0.413879,-0.564636,0.563171,86.7096,0
2.8300,1359836,0.439087,-0.413940,-0.564514,0.563171,86.7215,0
2.8400,1359846,0.439148,-0.414001,-0.564453,0.563110,86.7234,0
2.8500,1359856,0.439209,-0.414124,-0.564453,0.563049,86.7133,0
2.8600,1359866,0.439209,-0.414246,-0.564453,0.562927,86.6977,0
2.8700,1359876,0.439270,-0.414368,-0.564453,0.562805,86.6877,0
2.8800,1359886,0.439331,-0.414429,-0.564392,0.562805,86.6865,0
2.8900,1359896,0.439331,-0.414368,-0.564331,0.562866,86.6894,0
2.9000,1359906,0.439270,-0.414368,-0.564209,0.562988,86.6939,0
2.9100,1359916,0.439209,-0.414307,-0.564270,0.563049,86.6952,0
2.9200,1359926,0.439148,-0.414246,-0.564270,0.563171,86.6970,0
2.9300,1359936,0.439087,-0.414185,-0.564270,0.563232,86.7000,0
2.9400,1359946,0.439026,-0.414124,-0.564270,0.563354,86.7033,0
2.9500,1359956,0.438904,-0.414124,-0.564270,0.563416,86.7018,0
2.9600,1359966,0.438843,-0.414124,-0.564270,0.563477,86.6853,0
2.9700,1359976,0.438660,-0.414246,-0.564331,0.563538,86.6691,0
2.9800,1359986,0.438599,-0.414307,-0.564331,0.563538,86.6572,0
2.9900,1359996,0.438477,-0.414429,-0.564270,0.563538,86.6549,0
3.0000,1360006,0.438416,-0.414490,-0.564270,0.563599,86.6615,0
3.0100,1360016,0.438416,-0.414429,-0.564209,0.563599,86.6696,0
3.0200,1360026,0.438538,-0.414429,-0.564087,0.563660,86.6744,0
3.0300,1360036,0.438721,-0.414429,-0.564026,0.563599,86.6723,0
3.0400,1360046,0.438843,-0.414490,-0.564026,0.563477,86.6680,0
3.0500,1360056,0.438904,-0.414551,-0.563965,0.563416,86.6628,0
3.0600,1360066,0.439026,-0.414612,-0.563904,0.563354,86.6607,0
3.0700,1360076,0.439026,-0.414673,-0.563843,0.563354,86.6611,0
3.0800,1360086,0.439087,-0.414734,-0.563782,0.563293,86.6598,0
3.0900,1360096,0.439087,-0.414795,-0.563721,0.563354,86.6549,0
3.1000,1360106,0.439026,-0.414856,-0.563721,0.563354,86.6539,0
3.1100,1360116,0.439026,-0.414856,-0.563599,0.563477,86.6564,0
3.1200,1360126,0.439026,-0.414856,-0.563538,0.563538,86.6575,0
3.1300,1360136,0.439026,-0.414856,-0.563538,0.563538,86.6538,0
3.1400,1360146,0.439026,-0.414856,-0.563477,0.563599,86.6443,0
3.1500,1360156,0.439026,-0.414856,-0.563538,0.563538,86.6312,0
3.1600,1360166,0.439026,-0.414856,-0.563599,0.563477,86.6164,0
3.1700,1360176,0.438965,-0.414917,-0.563599,0.563477,86.6011,0
3.1800,1360186,0.438965,-0.414917,-0.563599,0.563477,86.5925,0
3.1900,1360196,0.438965,-0.414917,-0.563599,0.563477,86.5914,0
3.2000,1360206,0.438965,-0.414917,-0.563538,0.563538,86.5934,0
3.2100,1360216,0.438965,-0.414917,-0.563477,0.563660,86.5965,0
3.2200,1360226,0.438904,-0.414978,-0.563416,0.563660,86.5952,0
3.2300,1360236,0.438904,-0.414978,-0.563416,0.563660,86.5863,0
3.2400,1360246,0.438843,-0.415039,-0.563416,0.563660,86.5641,0
3.2500,1360256,0.438721,-0.415100,-0.563538,0.563599,86.5520,0
3.2600,1360266,0.438660,-0.415100,-0.563599,0.563599,86.5577,0
3.2700,1360276,0.438599,-0.414978,-0.563599,0.563721,86.5756,0
3.2800,1360286,0.438599,-0.414795,-0.563538,0.563904,86.5950,0
3.2900,1360296,0.438599,-0.414612,-0.563477,0.564087,86.5986,0
3.3000,1360306,0.438538,-0.414551,-0.563477,0.564209,86.5818,0
3.3100,1360316,0.438354,-0.414673,-0.563660,0.564026,86.5551,0
3.3200,1360326,0.438293,-0.414734,-0.563782,0.563965,86.5363,0
3.3300,1360336,0.438354,-0.414673,-0.563721,0.564026,86.5416,0
3.3400,1360346,0.438354,-0.414551,-0.563599,0.564148,86.5639,0
3.3500,1360356,0.438477,-0.414490,-0.563477,0.564270,86.5851,0
3.3600,1360366,0.438477,-0.414490,-0.563477,0.564331,86.5873,0
3.3700,1360376,0.438416,-0.414551,-0.563538,0.564270,86.5693,0
3.3800,1360386,0.438293,-0.414673,-0.563660,0.564148,86.5397,0
3.3900,1360396,0.438232,-0.414734,-0.563721,0.564026,86.5152,0
3.4000,1360406,0.438232,-0.414734,-0.563721,0.564087,86.5103,0
3.4100,1360416,0.438293,-0.414612,-0.563721,0.564148,86.5276,0
3.4200,1360426,0.438416,-0.414368,-0.563599,0.564331,86.5618,0
3.4300,1360436,0.438538,-0.414124,-0.563477,0.564514,86.5944,0
3.4400,1360446,0.438599,-0.413879,-0.563538,0.564575,86.6086,0
3.4500,1360456,0.438660,-0.413757,-0.563599,0.564575,86.5979,0
3.4600,1360466,0.438599,-0.413757,-0.563782,0.564453,86.5765,0
3.4700,1360476,0.438599,-0.413757,-0.563904,0.564331,86.5550,0
3.4800,1360486,0.438538,-0.413818,-0.563965,0.564209,86.5423,0
3.4900,1360496,0.438538,-0.413818,-0.563965,0.564209,86.5392,0
3.5000,1360506,0.438538,-0.413818,-0.563965,0.564209,86.5415,0
3.5100,1360516,0.438538,-0.413879,-0.563965,0.564209,86.5408,0
3.5200,1360526,0.438538,-0.413879,-0.563965,0.564209,86.5401,0
3.5300,1360536,0.438538,-0.413879,-0.563965,0.564209,86.5466,0
3.5400,1360546,0.438538,-0.413879,-0.563965,0.564209,86.5527,0
3.5500,1360556,0.438538,-0.413879,-0.563965,0.564209,86.5585,0
3.5600,1360566,0.438538,-0.413879,-0.563965,0.564209,86.5706,0
3.5700,1360576,0.438538,-0.413879,-0.563843,0.564270,86.5809,0
3.5800,1360586,0.438538,-0.413879,-0.563782,0.564392,86.5780,0
3.5900,1360596,0.438416,-0.414001,-0.563782,0.564392,86.5634,0
3.6000,1360606,0.438293,-0.414124,-0.563843,0.564331,86.5377,0
3.6100,1360616,0.438171,-0.414307,-0.563965,0.564209,86.5103,0
3.6200,1360626,0.438049,-0.414429,-0.563965,0.564209,86.4920,0
3.6300,1360636,0.437988,-0.414429,-0.563965,0.564209,86.4876,0
3.6400,1360646,0.437988,-0.414429,-0.563904,0.564270,86.4948,0
3.6500,1360656,0.438049,-0.414429,-0.563843,0.564331,86.5039,0
3.6600,1360666,0.438049,-0.414368,-0.563843,0.564331,86.5103,0
3.6700,1360676,0.438049,-0.414368,-0.563843,0.564331,86.5109,0
3.6800,1360686,0.438049,-0.414368,-0.563904,0.564331,86.5045,0
3.6900,1360696,0.437988,-0.414429,-0.563904,0.564270,86.4941,0
3.7000,1360706,0.437988,-0.414490,-0.563965,0.564209,86.4814,0
3.7100,1360716,0.437927,-0.414551,-0.564087,0.564148,86.4680,0
3.7200,1360726,0.437866,-0.414551,-0.564087,0.564087,86.4601,0
3.7300,1360736,0.437866,-0.414612,-0.564087,0.564087,86.4609,0
3.7400,1360746,0.437805,-0.414673,-0.564026,0.564148,86.4622,0
3.7500,1360756,0.437744,-0.414673,-0.564026,0.564148,86.4651,0
3.7600,1360766,0.437744,-0.414673,-0.564026,0.564209,86.4690,0
3.7700,1360776,0.437683,-0.414673,-0.564026,0.564209,86.4704,0
3.7800,1360786,0.437683,-0.414612,-0.564087,0.564209,86.4670,0
3.7900,1360796,0.437744,-0.414551,-0.564148,0.564148,86.4615,0
3.8000,1360806,0.437744,-0.414551,-0.564270,0.564026,86.4545,0
3.8100,1360816,0.437744,-0.414551,-0.564331,0.563965,86.4497,0
3.8200,1360826,0.437744,-0.414551,-0.564392,0.563904,86.4475,0
3.8300,1360836,0.437805,-0.414612,-0.564392,0.563843,86.4459,0
3.8400,1360846,0.437866,-0.414673,-0.564331,0.563843,86.4421,0
3.8500,1360856,0.437866,-0.414734,-0.564270,0.563721,86.4391,0
3.8600,1360866,0.437927,-0.414856,-0.564270,0.563660,86.4385,0
3.8700,1360876,0.437988,-0.414917,-0.564209,0.563599,86.4475,0
3.8800,1360886,0.438110,-0.414917,-0.564026,0.563721,86.4662,0
3.8900,1360896,0.438232,-0.414795,-0.563904,0.563843,86.4928,0
3.9000,1360906,0.438354,-0.414734,-0.563843,0.563843,86.5104,0
3.9100,1360916,0.438477,-0.414734,-0.563782,0.563782,86.5135,0
3.9200,1360926,0.438538,-0.414795,-0.563843,0.563660,86.5027,0
3.9300,1360936,0.438599,-0.414917,-0.563904,0.563477,86.4871,0
3.9400,1360946,0.438660,-0.414917,-0.563904,0.563416,86.4836,0
3.9500,1360956,0.438782,-0.414856,-0.563843,0.563416,86.4970,0
3.9600,1360966,0.438843,-0.414795,-0.563721,0.563477,86.5163,0
3.9700,1360976,0.438904,-0.414795,-0.563721,0.563538,86.5294,0
3.9800,1360986,0.438904,-0.414795,-0.563721,0.563538,86.5298,0
3.9900,1360996,0.438782,-0.414856,-0.563721,0.563538,86.5200,0
4.0000,1361006,0.438721,-0.414917,-0.563660,0.563599,86.5172,0
4.0100,1361016,0.438660,-0.414917,-0.563599,0.563721,86.5241,0
4.0200,1361026,0.438599,-0.414856,-0.563538,0.563904,86.5377,0
4.0300,1361036,0.438477,-0.414795,-0.563477,0.564087,86.5531,0
4.0400,1361046,0.438354,-0.414734,-0.563477,0.564148,86.5485,0
4.0500,1361056,0.438232,-0.414795,-0.563599,0.564148,86.5239,0
4.0600,1361066,0.438049,-0.414978,-0.563782,0.564026,86.4858,0
4.0700,1361076,0.437927,-0.415100,-0.563904,0.563843,86.4483,0
4.0800,1361086,0.437805,-0.415161,-0.564026,0.563721,86.4282,0
4.0900,1361096,0.437805,-0.415161,-0.564026,0.563721,86.4352,0
4.1000,1361106,0.437927,-0.415161,-0.564026,0.563721,86.4383,0
4.1100,1361116,0.437988,-0.415100,-0.564026,0.563660,86.4354,0
4.1200,1361126,0.438049,-0.415039,-0.564087,0.563599,86.4244,0
4.1300,1361136,0.438110,-0.415039,-0.564209,0.563477,86.4151,0
4.1400,1361146,0.438049,-0.415039,-0.564331,0.563354,86.4164,0
4.1500,1361156,0.438049,-0.415039,-0.564331,0.563354,86.4289,0
4.1600,1361166,0.438049,-0.415039,-0.564148,0.563538,86.4461,0
4.1700,1361176,0.438049,-0.415100,-0.564026,0.563660,86.4595,0
4.1800,1361186,0.437988,-0.415161,-0.563965,0.563721,86.4620,0
4.1900,1361196,0.437866,-0.415222,-0.563904,0.563782,86.4595,0
4.2000,1361206,0.437805,-0.415283,-0.563904,0.563782,86.4602,0
4.2100,1361216,0.437805,-0.415344,-0.563782,0.563904,86.4698,0
4.2200,1361226,0.437805,-0.415344,-0.563660,0.564087,86.4840,0
4.2300,1361236,0.437866,-0.415283,-0.563538,0.564209,86.4982,0
4.2400,1361246,0.437866,-0.415222,-0.563477,0.564209,86.4991,0
4.2500,1361256,0.437805,-0.415283,-0.563538,0.564148,86.4828,0
4.2600,1361266,0.437866,-0.415344,-0.563599,0.564026,86.4596,0
4.2700,1361276,0.437866,-0.415405,-0.563721,0.563843,86.4437,0
4.2800,1361286,0.437927,-0.415405,-0.563782,0.563721,86.4309,0
4.2900,1361296,0.438049,-0.415405,-0.563843,0.563599,86.4217,0
4.3000,1361306,0.438110,-0.415466,-0.563904,0.563477,86.4124,0
4.3100,1361316,0.438110,-0.415466,-0.563965,0.563354,86.4030,0
4.3200,1361326,0.438171,-0.415466,-0.564026,0.563293,86.4019,0
4.3300,1361336,0.438232,-0.415405,-0.564087,0.563232,86.4068,0
4.3400,1361346,0.438293,-0.415283,-0.564087,0.563232,86.4180,0
4.3500,1361356,0.438354,-0.415222,-0.564087,0.563232,86.4340,0
4.3600,1361366,0.438416,-0.415161,-0.563965,0.563354,86.4521,0
4.3700,1361376,0.438477,-0.415100,-0.563904,0.563416,86.4646,0
4.3800,1361386,0.438416,-0.415161,-0.563904,0.563416,86.4628,0
4.3900,1361396,0.438354,-0.415222,-0.563843,0.563477,86.4574,0
4.4000,1361406,0.438232,-0.415344,-0.563782,0.563538,86.4546,0
4.4100,1361416,0.438171,-0.415405,-0.563721,0.563599,86.4573,0
4.4200,1361426,0.438110,-0.415466,-0.563660,0.563660,86.4551,0
4.4300,1361436,0.438049,-0.415405,-0.563721,0.563660,86.4412,0
4.4400,1361446,0.437805,-0.415405,-0.563965,0.563599,86.4238,0
4.4500,1361456,0.437744,-0.415405,-0.564087,0.563599,86.4156,0
4.4600,1361466,0.437683,-0.415283,-0.564087,0.563721,86.4226,0
4.4700,1361476,0.437744,-0.415161,-0.564026,0.563843,86.4447,0
4.4800,1361486,0.437744,-0.415039,-0.563904,0.564026,86.4693,0
4.4900,1361496,0.437805,-0.414917,-0.563843,0.564148,86.4867,0
4.5000,1361506,0.437805,-0.414856,-0.563843,0.564148,86.4908,0
4.5100,1361516,0.437805,-0.414917,-0.563904,0.564148,86.4780,0
4.5200,1361526,0.437683,-0.415039,-0.564026,0.563965,86.4487,0
4.5300,1361536,0.437561,-0.415161,-0.564148,0.563843,86.4173,0
4.5400,1361546,0.437439,-0.415222,-0.564331,0.563721,86.3957,0
4.5500,1361556,0.437439,-0.415161,-0.564331,0.563782,86.3930,0
4.5600,1361566,0.437439,-0.415039,-0.564270,0.563843,86.4119,0
4.5700,1361576,0.437561,-0.414917,-0.564087,0.564026,86.4464,0
4.5800,1361586,0.437744,-0.414734,-0.563965,0.564209,86.4804,0
4.5900,1361596,0.437805,-0.414673,-0.563843,0.564331,86.5014,0
4.6000,1361606,0.437866,-0.414673,-0.563843,0.564331,86.5042,0
4.6100,1361616,0.437866,-0.414734,-0.563843,0.564270,86.4925,0
4.6200,1361626,0.437744,-0.414856,-0.563843,0.564209,86.4749,0
4.6300,1361636,0.437683,-0.414978,-0.563843,0.564148,86.4600,0
4.6400,1361646,0.437622,-0.415039,-0.563782,0.564209,86.4534,0
4.6500,1361656,0.437622,-0.415100,-0.563721,0.564331,86.4584,0
4.6600,1361666,0.437622,-0.415039,-0.563660,0.564392,86.4625,0
4.6700,1361676,0.437622,-0.415039,-0.563599,0.564453,86.4587,0
4.6800,1361686,0.437622,-0.415039,-0.563599,0.564453,86.4557,0
4.6900,1361696,0.437683,-0.414978,-0.563599,0.564392,86.4601,0
4.7000,1361706,0.437744,-0.414917,-0.563660,0.564331,86.4691,0
4.7100,1361716,0.437805,-0.414856,-0.563660,0.564392,86.4753,0
4.7200,1361726,0.437866,-0.414795,-0.563660,0.564392,86.4781,0
4.7300,1361736,0.437927,-0.414795,-0.563599,0.564331,86.4790,0
4.7400,1361746,0.437927,-0.414917,-0.563538,0.564331,86.4782,0
4.7500,1361756,0.437927,-0.414978,-0.563477,0.564331,86.4708,0
4.7600,1361766,0.437927,-0.415161,-0.563477,0.564270,86.4553,0
4.7700,1361776,0.437927,-0.415222,-0.563477,0.564209,86.4382,0
4.7800,1361786,0.437927,-0.415344,-0.563477,0.564087,86.4220,0
4.7900,1361796,0.437927,-0.415344,-0.563477,0.564087,86.4149,0
4.8000,1361806,0.437988,-0.415283,-0.563538,0.564026,86.4196,0
4.8100,1361816,0.438110,-0.415222,-0.563538,0.564026,86.4324,0
4.8200,1361826,0.438232,-0.415100,-0.563538,0.564026,86.4439,0
4.8300,1361836,0.438293,-0.414978,-0.563599,0.563965,86.4436,0
4.8400,1361846,0.438293,-0.414978,-0.563660,0.563843,86.4322,0
4.8500,1361856,0.438293,-0.415039,-0.563843,0.563721,86.4166,0
4.8600,1361866,0.438232,-0.415100,-0.563904,0.563660,86.4071,0
4.8700,1361876,0.438232,-0.415100,-0.563904,0.563660,86.4088,0
4.8800,1361886,0.438293,-0.415039,-0.563843,0.563721,86.4228,0
4.8900,1361896,0.438293,-0.415039,-0.563721,0.563782,86.4384,0
4.9000,1361906,0.438293,-0.414978,-0.563599,0.563904,86.4538,0
4.9100,1361916,0.438232,-0.415039,-0.563599,0.563965,86.4571,0
4.9200,1361926,0.438110,-0.415161,-0.563599,0.564026,86.4484,0
4.9300,1361936,0.437927,-0.415222,-0.563599,0.564026,86.4305,0
4.9400,1361946,0.437805,-0.415283,-0.563660,0.564087,86.4343,0
4.9500,1361956,0.437683,-0.415222,-0.563660,0.564209,86.4479,0
4.9600,1361966,0.437683,-0.415100,-0.563599,0.564331,86.4597,0
4.9700,1361976,0.437683,-0.414978,-0.563599,0.564453,86.4674,0
4.9800,1361986,0.437683,-0.414856,-0.563538,0.564514,86.4711,0
4.9900,1361996,0.437744,-0.414856,-0.563538,0.564575,86.4734,0
5.0000,1362006,0.437744,-0.414795,-0.563477,0.564636,86.4726,0
5.0100,1362016,0.437866,-0.414917,-0.563416,0.564514,86.4648,0
5.0200,1362026,0.437866,-0.415100,-0.563354,0.564453,86.4496,0
5.0300,1362036,0.437805,-0.415283,-0.563293,0.564392,86.4340,0
5.0400,1362046,0.437805,-0.415466,-0.563171,0.564392,86.4292,0
5.0500,1362056,0.437805,-0.415588,-0.562988,0.564514,86.4329,0
5.0600,1362066,0.437805,-0.415588,-0.562805,0.564636,86.4477,0
5.0700,1362076,0.437805,-0.415649,-0.562683,0.564819,86.4581,0
5.0800,1362086,0.437683,-0.415710,-0.562622,0.564880,86.4489,0
5.0900,1362096,0.437561,-0.415833,-0.562622,0.564880,86.4271,0
5.1000,1362106,0.437439,-0.415955,-0.562622,0.564819,86.4010,0
5.1100,1362116,0.437317,-0.416016,-0.562683,0.564880,86.3834,0
5.1200,1362126,0.437256,-0.415955,-0.562744,0.564880,86.3755,0
5.1300,1362136,0.437256,-0.415833,-0.562805,0.564941,86.3764,0
5.1400,1362146,0.437256,-0.415710,-0.562866,0.564941,86.3754,0
5.1500,1362156,0.437317,-0.415649,-0.562927,0.564880,86.3673,0
5.1600,1362166,0.437439,-0.415649,-0.562927,0.564819,86.3593,0
5.1700,1362176,0.437561,-0.415771,-0.562805,0.564758,86.3544,0
5.1800,1362186,0.437683,-0.415894,-0.562683,0.564636,86.3521,0
5.1900,1362196,0.437866,-0.416077,-0.562561,0.564514,86.3482,0
5.2000,1362206,0.437988,-0.416321,-0.562378,0.564392,86.3445,0
5.2100,1362216,0.438171,-0.416504,-0.562256,0.564270,86.3421,0
5.2200,1362226,0.438354,-0.416626,-0.562134,0.564148,86.3435,0
5.2300,1362236,0.438477,-0.416687,-0.562012,0.564087,86.3441,0
5.2400,1362246,0.438599,-0.416748,-0.562012,0.564026,86.3426,0
5.2500,1362256,0.438660,-0.416748,-0.562012,0.563965,86.3375,0
5.2600,1362266,0.438660,-0.416748,-0.562012,0.563965,86.3380,0
5.2700,1362276,0.438660,-0.416748,-0.562012,0.563965,86.3457,0
5.2800,1362286,0.438660,-0.416687,-0.562012,0.564026,86.3600,0
5.2900,1362296,0.438599,-0.416382,-0.561951,0.564270,86.3701,0
5.3000,1362306,0.438538,-0.416321,-0.562012,0.564331,86.3678,0
5.3100,1362316,0.438354,-0.416321,-0.562195,0.564331,86.3490,0
5.3200,1362326,0.438232,-0.416382,-0.562378,0.564209,86.3199,0
5.3300,1362336,0.438110,-0.416382,-0.562500,0.564148,86.2999,0
5.3400,1362346,0.438049,-0.416382,-0.562500,0.564209,86.2982,0
5.3500,1362356,0.438049,-0.416260,-0.562500,0.564331,86.3120,0
5.3600,1362366,0.438049,-0.416138,-0.562439,0.564392,86.3286,0
5.3700,1362376,0.438110,-0.416077,-0.562439,0.564514,86.3367,0
5.3800,1362386,0.438049,-0.416138,-0.562378,0.564514,86.3300,0
5.3900,1362396,0.437988,-0.416199,-0.562317,0.564575,86.3254,0
5.4000,1362406,0.437927,-0.416199,-0.562195,0.564697,86.3347,0
5.4100,1362416,0.437927,-0.416260,-0.562012,0.564941,86.3542,0
5.4200,1362426,0.437927,-0.416260,-0.561829,0.565125,86.3702,0
5.4300,1362436,0.437866,-0.416260,-0.561707,0.565186,86.3712,0
5.4400,1362446,0.437744,-0.416382,-0.561768,0.565186,86.3495,0
5.4500,1362456,0.437683,-0.416504,-0.561829,0.565125,86.3189,0
5.4600,1362466,0.437561,-0.416565,-0.561951,0.565002,86.2927,0
5.4700,1362476,0.437561,-0.416565,-0.561951,0.565002,86.2833,0
5.4800,1362486,0.437683,-0.416504,-0.561890,0.565063,86.2934,0
5.4900,1362496,0.437866,-0.416382,-0.561768,0.565125,86.3094,0
5.5000,1362506,0.437988,-0.416382,-0.561646,0.565063,86.3182,0
5.5100,1362516,0.438110,-0.416443,-0.561584,0.565002,86.3105,0
5.5200,1362526,0.438171,-0.416504,-0.561523,0.564941,86.3085,0
5.5300,1362536,0.438171,-0.416626,-0.561462,0.564941,86.3238,0
5.5400,1362546,0.438232,-0.416626,-0.561279,0.565063,86.3585,0
5.5500,1362556,0.438354,-0.416565,-0.561035,0.565369,86.3973,0
5.5600,1362566,0.438477,-0.416382,-0.560730,0.565613,86.4187,0
5.5700,1362576,0.438538,-0.416321,-0.560486,0.565857,86.4094,0
5.5800,1362586,0.438416,-0.416443,-0.560608,0.565796,86.3750,0
5.5900,1362596,0.438354,-0.416504,-0.560730,0.565613,86.3370,0
5.6000,1362606,0.438354,-0.416504,-0.560852,0.565491,86.3103,0
5.6100,1362616,0.438416,-0.416443,-0.560913,0.565491,86.3036,0
5.6200,1362626,0.438477,-0.416382,-0.560852,0.565491,86.3055,0
5.6300,1362636,0.438538,-0.416321,-0.560791,0.565552,86.3115,0
5.6400,1362646,0.438538,-0.416321,-0.560791,0.565613,86.3160,0
5.6500,1362656,0.438599,-0.416260,-0.560730,0.565613,86.3155,0
5.6600,1362666,0.438477,-0.416260,-0.560791,0.565613,86.3008,0
5.6700,1362676,0.438416,-0.416321,-0.560913,0.565552,86.2773,0
5.6800,1362686,0.438293,-0.416321,-0.561035,0.565491,86.2598,0
5.6900,1362696,0.438293,-0.416260,-0.561035,0.565552,86.2573,0
5.7000,1362706,0.438293,-0.416199,-0.561035,0.565613,86.2669,0
5.7100,1362716,0.438293,-0.416077,-0.560974,0.565735,86.2819,0
5.7200,1362726,0.438354,-0.416016,-0.560852,0.565857,86.2921,0
5.7300,1362736,0.438416,-0.415955,-0.560791,0.565918,86.2987,0
5.7400,1362746,0.438477,-0.415894,-0.560791,0.565918,86.3068,0
5.7500,1362756,0.438599,-0.415833,-0.560730,0.565979,86.3127,0
5.7600,1362766,0.438599,-0.415771,-0.560791,0.565918,86.3088,0
5.7700,1362776,0.438599,-0.415771,-0.560852,0.565857,86.2921,0
5.7800,1362786,0.438599,-0.415833,-0.560913,0.565735,86.2720,0
5.7900,1362796,0.438599,-0.415833,-0.561035,0.565674,86.2709,0
5.8000,1362806,0.438660,-0.415771,-0.561096,0.565613,86.2782,0
5.8100,1362816,0.438721,-0.415710,-0.561035,0.565674,86.2886,0
5.8200,1362826,0.438721,-0.415649,-0.560974,0.565735,86.2914,0
5.8300,1362836,0.438721,-0.415649,-0.560974,0.565735,86.2864,0
5.8400,1362846,0.438721,-0.415649,-0.560974,0.565735,86.2763,0
5.8500,1362856,0.438721,-0.415710,-0.561035,0.565674,86.2684,0
5.8600,1362866,0.438782,-0.415771,-0.560974,0.565552,86.2687,0
5.8700,1362876,0.438843,-0.415833,-0.560913,0.565552,86.2761,0
5.8800,1362886,0.439026,-0.415771,-0.560852,0.565552,86.2884,0
5.8900,1362896,0.439148,-0.415771,-0.560791,0.565491,86.2930,0
5.9000,1362906,0.439331,-0.415771,-0.560791,0.565369,86.2849,0
5.9100,1362916,0.439392,-0.415771,-0.560913,0.565186,86.2721,0
5.9200,1362926,0.439453,-0.415771,-0.561035,0.565002,86.2604,0
5.9300,1362936,0.439514,-0.415710,-0.561157,0.564880,86.2518,0
5.9400,1362946,0.439575,-0.415649,-0.561279,0.564758,86.2447,0
5.9500,1362956,0.439636,-0.415588,-0.561401,0.564636,86.2453,0
5.9600,1362966,0.439697,-0.415527,-0.561401,0.564575,86.2482,0
5.9700,1362976,0.439758,-0.415527,-0.561462,0.564575,86.2569,0
5.9800,1362986,0.439819,-0.415466,-0.561401,0.564636,86.2729,0
5.9900,1362996,0.439819,-0.415466,-0.561340,0.564697,86.2899,0
6.0000,1363006,0.439758,-0.415466,-0.561218,0.564819,86.3043,0
6.0100,1363016,0.439697,-0.415527,-0.561096,0.564880,86.3112,0
6.0200,1363026,0.439636,-0.415527,-0.561096,0.565002,86.3184,0
6.0300,1363036,0.439514,-0.415527,-0.561096,0.565125,86.3205,0
6.0400,1363046,0.439453,-0.415466,-0.561157,0.565186,86.3183,0
6.0500,1363056,0.439331,-0.415344,-0.561279,0.565186,86.3121,0
6.0600,1363066,0.439209,-0.415283,-0.561401,0.565247,86.3044,0
6.0700,1363076,0.439087,-0.415222,-0.561462,0.565308,86.3060,0
6.0800,1363086,0.439026,-0.415161,-0.561462,0.565369,86.3146,0
6.0900,1363096,0.438965,-0.415100,-0.561462,0.565491,86.3204,0
6.1000,1363106,0.439026,-0.415039,-0.561462,0.565491,86.3182,0
6.1100,1363116,0.439026,-0.415039,-0.561462,0.565491,86.3091,0
6.1200,1363126,0.439026,-0.415161,-0.561462,0.565430,86.2991,0
6.1300,1363136,0.439026,-0.415222,-0.561462,0.565308,86.3010,0
6.1400,1363146,0.439148,-0.415283,-0.561340,0.565308,86.3128,0
6.1500,1363156,0.439209,-0.415222,-0.561279,0.565369,86.3241,0
6.1600,1363166,0.439270,-0.415161,-0.561340,0.565308,86.3223,0
6.1700,1363176,0.439270,-0.415161,-0.561462,0.565186,86.3058,0
6.1800,1363186,0.439209,-0.415222,-0.561584,0.565063,86.2879,0
6.1900,1363196,0.439209,-0.415283,-0.561646,0.565002,86.2839,0
6.2000,1363206,0.439270,-0.415222,-0.561584,0.565063,86.3004,0
6.2100,1363216,0.439331,-0.415100,-0.561462,0.565186,86.3243,0
6.2200,1363226,0.439331,-0.415039,-0.561401,0.565308,86.3434,0
6.2300,1363236,0.439270,-0.415100,-0.561401,0.565308,86.3443,0
6.2400,1363246,0.439148,-0.415222,-0.561401,0.565308,86.3290,0
6.2500,1363256,0.439026,-0.415405,-0.561401,0.565308,86.3092,0
6.2600,1363266,0.438843,-0.415466,-0.561462,0.565308,86.2945,0
6.2700,1363276,0.438660,-0.415527,-0.561462,0.565430,86.2905,0
6.2800,1363286,0.438599,-0.415466,-0.561401,0.565552,86.2986,0
6.2900,1363296,0.438599,-0.415344,-0.561401,0.565674,86.3080,0
6.3000,1363306,0.438599,-0.415283,-0.561340,0.565735,86.3164,0
6.3100,1363316,0.438660,-0.415222,-0.561279,0.565796,86.3267,0
6.3200,1363326,0.438721,-0.415161,-0.561218,0.565918,86.3419,0
6.3300,1363336,0.438782,-0.415039,-0.561096,0.566040,86.3605,0
6.3400,1363346,0.438904,-0.415039,-0.560974,0.566101,86.3716,0
6.3500,1363356,0.438965,-0.415100,-0.560913,0.566040,86.3601,0
6.3600,1363366,0.438965,-0.415344,-0.560913,0.565857,86.3273,0
6.3700,1363376,0.438904,-0.415588,-0.560974,0.565674,86.3116,0
6.3800,1363386,0.438965,-0.415710,-0.560974,0.565552,86.3180,0
6.3900,1363396,0.439026,-0.415649,-0.560913,0.565552,86.3407,0
6.4000,1363406,0.439087,-0.415588,-0.560791,0.565735,86.3641,0
6.4100,1363416,0.439270,-0.415466,-0.560669,0.565796,86.3732,0
6.4200,1363426,0.439331,-0.415344,-0.560608,0.565857,86.3629,0
6.4300,1363436,0.439270,-0.415466,-0.560669,0.565735,86.3377,0
6.4400,1363446,0.439270,-0.415588,-0.560730,0.565613,86.3090,0
6.4500,1363456,0.439209,-0.415710,-0.560791,0.565430,86.2876,0
6.4600,1363466,0.439270,-0.415833,-0.560791,0.565369,86.2798,0
6.4700,1363476,0.439331,-0.415833,-0.560730,0.565369,86.2842,0
6.4800,1363486,0.439392,-0.415833,-0.560669,0.565369,86.2908,0
6.4900,1363496,0.439453,-0.415833,-0.560608,0.565430,86.2965,0
6.5000,1363506,0.439514,-0.415833,-0.560547,0.565430,86.3025,0
6.5100,1363516,0.439514,-0.415771,-0.560486,0.565491,86.3064,0
6.5200,1363526,0.439514,-0.415771,-0.560486,0.565491,86.3054,0
6.5300,1363536,0.439514,-0.415833,-0.560547,0.565430,86.2955,0
6.5400,1363546,0.439453,-0.415894,-0.560608,0.565369,86.2795,0
6.5500,1363556,0.439392,-0.415894,-0.560669,0.565308,86.2650,0
6.5600,1363566,0.439392,-0.415955,-0.560730,0.565247,86.2565,0
6.5700,1363576,0.439392,-0.415955,-0.560730,0.565247,86.2574,0
6.5800,1363586,0.439392,-0.415894,-0.560669,0.565308,86.2635,0
6.5900,1363596,0.439453,-0.415894,-0.560669,0.565369,86.2706,0
6.6000,1363606,0.439453,-0.415894,-0.560669,0.565369,86.2743,0
6.6100,1363616,0.439453,-0.415894,-0.560669,0.565369,86.2749,0
6.6200,1363626,0.439392,-0.415955,-0.560669,0.565308,86.2647,0
6.6300,1363636,0.439270,-0.416077,-0.560730,0.565247,86.2438,0
6.6400,1363646,0.439148,-0.416199,-0.560791,0.565186,86.2334,0
6.6500,1363656,0.439026,-0.416321,-0.560852,0.565186,86.2353,0
6.6600,1363666,0.438965,-0.416321,-0.560791,0.565247,86.2489,0
6.6700,1363676,0.438904,-0.416260,-0.560730,0.565369,86.2607,0
6.6800,1363686,0.438904,-0.416138,-0.560730,0.565491,86.2546,0
6.6900,1363696,0.438843,-0.416077,-0.560730,0.565552,86.2317,0
6.7000,1363706,0.438782,-0.416077,-0.560913,0.565491,86.2075,0
6.7100,1363716,0.438660,-0.416260,-0.561035,0.565308,86.1958,0
6.7200,1363726,0.438660,-0.416260,-0.561035,0.565308,86.1990,0
6.7300,1363736,0.438660,-0.416199,-0.561035,0.565369,86.2067,0
6.7400,1363746,0.438721,-0.416260,-0.560974,0.565308,86.2064,0
6.7500,1363756,0.438721,-0.416321,-0.561035,0.565186,86.1947,0
6.7600,1363766,0.438782,-0.416321,-0.561096,0.565063,86.1838,0
6.7700,1363776,0.438843,-0.416382,-0.561157,0.564941,86.1764,0
6.7800,1363786,0.438904,-0.416443,-0.561218,0.564819,86.1712,0
6.7900,1363796,0.438904,-0.416504,-0.561218,0.564758,86.1633,0
6.8000,1363806,0.438904,-0.416504,-0.561279,0.564697,86.1611,0
6.8100,1363816,0.438843,-0.416565,-0.561218,0.564758,86.1715,0
6.8200,1363826,0.438965,-0.416443,-0.561035,0.564941,86.2039,0
6.8300,1363836,0.439087,-0.416199,-0.560791,0.565247,86.2620,0
6.8400,1363846,0.439331,-0.415833,-0.560425,0.565674,86.3368,0
6.8500,1363856,0.439514,-0.415527,-0.560120,0.566040,86.4007,0
6.8600,1363866,0.439636,-0.415405,-0.559937,0.566223,86.4259,0
6.8700,1363876,0.439636,-0.415527,-0.559998,0.566101,86.4028,0
6.8800,1363886,0.439514,-0.415771,-0.560181,0.565857,86.3501,0
6.8900,1363896,0.439392,-0.416016,-0.560364,0.565552,86.2964,0
6.9000,1363906,0.439392,-0.416077,-0.560547,0.565369,86.2679,0
6.9100,1363916,0.439453,-0.416016,-0.560547,0.565308,86.2706,0
6.9200,1363926,0.439575,-0.415894,-0.560486,0.565369,86.2893,0
6.9300,1363936,0.439758,-0.415710,-0.560486,0.565369,86.2893,0
6.9400,1363946,0.439880,-0.415588,-0.560547,0.565308,86.2720,0
6.9500,1363956,0.439880,-0.415588,-0.560730,0.565125,86.2521,0
6.9600,1363966,0.439819,-0.415649,-0.560852,0.565002,86.2450,0
6.9700,1363976,0.439819,-0.415710,-0.560913,0.564941,86.2537,0
6.9800,1363986,0.439819,-0.415710,-0.560913,0.564941,86.2691,0
6.9900,1363996,0.439880,-0.415588,-0.560791,0.565063,86.2808,0
7.0000,1364006,0.439880,-0.415588,-0.560791,0.565063,86.2830,0
7.0100,1364016,0.439880,-0.415588,-0.560791,0.565063,86.2791,0
7.0200,1364026,0.439880,-0.415588,-0.560791,0.565063,86.2838,0
7.0300,1364036,0.439880,-0.415527,-0.560791,0.565125,86.2965,0
7.0400,1364046,0.439880,-0.415405,-0.560730,0.565247,86.3092,0
7.0500,1364056,0.439880,-0.415405,-0.560791,0.565247,86.3123,0
7.0600,1364066,0.439819,-0.415405,-0.560852,0.565247,86.3040,0
7.0700,1364076,0.439697,-0.415466,-0.560913,0.565125,86.2842,0
7.0800,1364086,0.439636,-0.415527,-0.561035,0.565063,86.2672,0
7.0900,1364096,0.439575,-0.415527,-0.561157,0.565002,86.2582,0
7.1000,1364106,0.439514,-0.415527,-0.561157,0.565063,86.2597,0
7.1100,1364116,0.439514,-0.415527,-0.561157,0.565063,86.2659,0
7.1200,1364126,0.439575,-0.415466,-0.561218,0.565002,86.2718,0
7.1300,1364136,0.439575,-0.415466,-0.561218,0.565002,86.2774,0
7.1400,1364146,0.439636,-0.415405,-0.561218,0.564941,86.2877,0
7.1500,1364156,0.439697,-0.415405,-0.561157,0.564941,86.2991,0
7.1600,1364166,0.439819,-0.415405,-0.561096,0.564941,86.3113,0
7.1700,1364176,0.440002,-0.415466,-0.561035,0.564880,86.3204,0
7.1800,1364186,0.440125,-0.415527,-0.560974,0.564758,86.3267,0
7.1900,1364196,0.440186,-0.415588,-0.560913,0.564697,86.3297,0
7.2000,1364206,0.440247,-0.415710,-0.560852,0.564636,86.3355,0
7.2100,1364216,0.440308,-0.415710,-0.560791,0.564636,86.3381,0
7.2200,1364226,0.440247,-0.415771,-0.560791,0.564636,86.3328,0
7.2300,1364236,0.440125,-0.415833,-0.560791,0.564697,86.3211,0
7.2400,1364246,0.440063,-0.415955,-0.560791,0.564697,86.3070,0
7.2500,1364256,0.439880,-0.416077,-0.560791,0.564697,86.2913,0
7.2600,1364266,0.439697,-0.416138,-0.560913,0.564758,86.2834,0
7.2700,1364276,0.439392,-0.416077,-0.560913,0.564941,86.2901,0
7.2800,1364286,0.439453,-0.415955,-0.560852,0.565125,86.3130,0
7.2900,1364296,0.439514,-0.415833,-0.560730,0.565247,86.3383,0
7.3000,1364306,0.439636,-0.415771,-0.560669,0.565308,86.3489,0
7.3100,1364316,0.439636,-0.415833,-0.560791,0.565125,86.3293,0
7.3200,1364326,0.439575,-0.416016,-0.560913,0.564819,86.2875,0
7.3300,1364336,0.439514,-0.416260,-0.561096,0.564575,86.2478,0
7.3400,1364346,0.439514,-0.416382,-0.561096,0.564453,86.2338,0
7.3500,1364356,0.439636,-0.416382,-0.561035,0.564453,86.2496,0
7.3600,1364366,0.439758,-0.416321,-0.560852,0.564575,86.2795,0
7.3700,1364376,0.439819,-0.416260,-0.560730,0.564636,86.2983,0
7.3800,1364386,0.439819,-0.416260,-0.560730,0.564636,86.2949,0
7.3900,1364396,0.439758,-0.416382,-0.560852,0.564575,86.2791,0
7.4000,1364406,0.439697,-0.416443,-0.560913,0.564453,86.2660,0
7.4100,1364416,0.439697,-0.416443,-0.560913,0.564453,86.2719,0
7.4200,1364426,0.439758,-0.416260,-0.560852,0.564636,86.2941,0
7.4300,1364436,0.439758,-0.416199,-0.560730,0.564819,86.3138,0
7.4400,1364446,0.439697,-0.416138,-0.560669,0.564941,86.3249,0
7.4500,1364456,0.439575,-0.416138,-0.560669,0.565063,86.3259,0
7.4600,1364466,0.439453,-0.416138,-0.560669,0.565125,86.3221,0
7.4700,1364476,0.439392,-0.416199,-0.560608,0.565186,86.3197,0
7.4800,1364486,0.439392,-0.416199,-0.560547,0.565247,86.3245,0
7.4900,1364496,0.439392,-0.416199,-0.560425,0.565369,86.3339,0
7.5000,1364506,0.439453,-0.416138,-0.560364,0.565430,86.3368,0
7.5100,1364516,0.439453,-0.416138,-0.560303,0.565430,86.3324,0
7.5200,1364526,0.439514,-0.416077,-0.560364,0.565430,86.3182,0
7.5300,1364536,0.439575,-0.416016,-0.560486,0.565308,86.2946,0
7.5400,1364546,0.439636,-0.416016,-0.560669,0.565125,86.2688,0
7.5500,1364556,0.439636,-0.416077,-0.560852,0.564880,86.2455,0
7.5600,1364566,0.439758,-0.416199,-0.561035,0.564514,86.2352,0
7.5700,1364576,0.439819,-0.416199,-0.561035,0.564453,86.2396,0
7.5800,1364586,0.439819,-0.416138,-0.560974,0.564514,86.2569,0
7.5900,1364596,0.439941,-0.416077,-0.560913,0.564575,86.2781,0
7.6000,1364606,0.439941,-0.416016,-0.560791,0.564697,86.2905,0
7.6100,1364616,0.439880,-0.416077,-0.560791,0.564697,86.2922,0
7.6200,1364626,0.439819,-0.416077,-0.560852,0.564697,86.2861,0
7.6300,1364636,0.439697,-0.416016,-0.560974,0.564697,86.2755,0
7.6400,1364646,0.439575,-0.415955,-0.561096,0.564697,86.2697,0
7.6500,1364656,0.439514,-0.415833,-0.561218,0.564758,86.2736,0
7.6600,1364666,0.439514,-0.415649,-0.561279,0.564758,86.2767,0
7.6700,1364676,0.439453,-0.415588,-0.561401,0.564758,86.2745,0
7.6800,1364686,0.439392,-0.415649,-0.561523,0.564697,86.2623,0
7.6900,1364696,0.439392,-0.415710,-0.561462,0.564636,86.2642,0
7.7000,1364706,0.439453,-0.415833,-0.561401,0.564636,86.2660,0
7.7100,1364716,0.439514,-0.415833,-0.561218,0.564758,86.2909,0
7.7200,1364726,0.439636,-0.415833,-0.561035,0.564758,86.3092,0
7.7300,1364736,0.439697,-0.415894,-0.561035,0.564758,86.3141,0
7.7400,1364746,0.439758,-0.415955,-0.560974,0.564697,86.3105,0
7.7500,1364756,0.439819,-0.416016,-0.560913,0.564697,86.3070,0
7.7600,1364766,0.439819,-0.415955,-0.560852,0.564758,86.3037,0
7.7700,1364776,0.439880,-0.415955,-0.560791,0.564819,86.3089,0
7.7800,1364786,0.439819,-0.415894,-0.560791,0.564941,86.3192,0
7.7900,1364796,0.439758,-0.415771,-0.560669,0.565125,86.3331,0
7.8000,1364806,0.439697,-0.415649,-0.560669,0.565308,86.3462,0
7.8100,1364816,0.439575,-0.415527,-0.560547,0.565552,86.3592,0
7.8200,1364826,0.439453,-0.415405,-0.560547,0.565796,86.3686,0
7.8300,1364836,0.439331,-0.415344,-0.560486,0.565979,86.3698,0
7.8400,1364846,0.439148,-0.415344,-0.560425,0.566223,86.3608,0
7.8500,1364856,0.439026,-0.415466,-0.560425,0.566162,86.3415,0
7.8600,1364866,0.438904,-0.415527,-0.560486,0.566162,86.3201,0
7.8700,1364876,0.438843,-0.415588,-0.560486,0.566162,86.3052,0
7.8800,1364886,0.438843,-0.415588,-0.560486,0.566162,86.2975,0
7.8900,1364896,0.438904,-0.415649,-0.560486,0.566101,86.2932,0
7.9000,1364906,0.439026,-0.415649,-0.560486,0.566040,86.2861,0
7.9100,1364916,0.439087,-0.415710,-0.560486,0.565857,86.2717,0
7.9200,1364926,0.439209,-0.415833,-0.560547,0.565674,86.2569,0
7.9300,1364936,0.439392,-0.415955,-0.560547,0.565430,86.2441,0
7.9400,1364946,0.439514,-0.416077,-0.560486,0.565247,86.2379,0
7.9500,1364956,0.439697,-0.416138,-0.560425,0.565125,86.2349,0
7.9600,1364966,0.439880,-0.416199,-0.560364,0.565063,86.2333,0
7.9700,1364976,0.440002,-0.416260,-0.560303,0.564941,86.2294,0
7.9800,1364986,0.440063,-0.416382,-0.560242,0.564880,86.2168,0
7.9900,1364996,0.440125,-0.416504,-0.560242,0.564758,86.2077,0
8.0000,1365006,0.440186,-0.416565,-0.560120,0.564819,86.2093,0
8.0100,1365016,0.440247,-0.416504,-0.559998,0.564941,86.2208,0
8.0200,1365026,0.440308,-0.416382,-0.559875,0.565063,86.2412,0
8.0300,1365036,0.440369,-0.416260,-0.559753,0.565186,86.2583,0
8.0400,1365046,0.440308,-0.416260,-0.559753,0.565247,86.2591,0
8.0500,1365056,0.440247,-0.416321,-0.559875,0.565186,86.2307,0
8.0600,1365066,0.440125,-0.416443,-0.559937,0.565063,86.2091,0
8.0700,1365076,0.440002,-0.416565,-0.560059,0.565002,86.2040,0
8.0800,1365086,0.439941,-0.416687,-0.559998,0.565002,86.2139,0
8.0900,1365096,0.440002,-0.416687,-0.559875,0.565063,86.2274,0
8.1000,1365106,0.440125,-0.416687,-0.559814,0.565125,86.2344,0
8.1100,1365116,0.440186,-0.416687,-0.559692,0.565125,86.2344,0
8.1200,1365126,0.440186,-0.416626,-0.559631,0.565186,86.2338,0
8.1300,1365136,0.440247,-0.416626,-0.559570,0.565247,86.2333,0
8.1400,1365146,0.440247,-0.416626,-0.559570,0.565247,86.2280,0
8.1500,1365156,0.440186,-0.416565,-0.559631,0.565247,86.2153,0
8.1600,1365166,0.440063,-0.416626,-0.559692,0.565247,86.1937,0
8.1700,1365176,0.439941,-0.416626,-0.559814,0.565247,86.1744,0
8.1800,1365186,0.439758,-0.416687,-0.559875,0.565247,86.1620,0
8.1900,1365196,0.439636,-0.416687,-0.559937,0.565308,86.1550,0
8.2000,1365206,0.439514,-0.416687,-0.559937,0.565369,86.1507,0
8.2100,1365216,0.439453,-0.416687,-0.559937,0.565430,86.1495,0
8.2200,1365226,0.439453,-0.416748,-0.559937,0.565430,86.1562,0
8.2300,1365236,0.439453,-0.416687,-0.559875,0.565491,86.1708,0
8.2400,1365246,0.439514,-0.416626,-0.559814,0.565552,86.1865,0
8.2500,1365256,0.439575,-0.416565,-0.559753,0.565613,86.1972,0
8.2600,1365266,0.439636,-0.416565,-0.559753,0.565613,86.1944,0
8.2700,1365276,0.439575,-0.416565,-0.559814,0.565552,86.1816,0
8.2800,1365286,0.439514,-0.416687,-0.559875,0.565430,86.1617,0
8.2900,1365296,0.439453,-0.416870,-0.559937,0.565308,86.1379,0
8.3000,1365306,0.439392,-0.417053,-0.559998,0.565186,86.1194,0
8.3100,1365316,0.439331,-0.417114,-0.559937,0.565186,86.1120,0
8.3200,1365326,0.439392,-0.417175,-0.559937,0.565125,86.1180,0
8.3300,1365336,0.439453,-0.417175,-0.559814,0.565186,86.1349,0
8.3400,1365346,0.439636,-0.417114,-0.559753,0.565186,86.1506,0
8.3500,1365356,0.439819,-0.417053,-0.559631,0.565186,86.1626,0
8.3600,1365366,0.439941,-0.416992,-0.559570,0.565186,86.1680,0
8.3700,1365376,0.440063,-0.417053,-0.559509,0.565125,86.1707,0
8.3800,1365386,0.440125,-0.417053,-0.559448,0.565125,86.1698,0
8.3900,1365396,0.440247,-0.417114,-0.559387,0.565125,86.1653,0
8.4000,1365406,0.440308,-0.417114,-0.559204,0.565186,86.1653,0
8.4100,1365416,0.440308,-0.417053,-0.559143,0.565308,86.1747,0
8.4200,1365426,0.440369,-0.416931,-0.559021,0.565430,86.1913,0
8.4300,1365436,0.440369,-0.416870,-0.558960,0.565552,86.2036,0
8.4400,1365446,0.440369,-0.416809,-0.558960,0.565613,86.1975,0
8.4500,1365456,0.440247,-0.416870,-0.559082,0.565552,86.1756,0
8.4600,1365466,0.440125,-0.416870,-0.559204,0.565491,86.1554,0
8.4700,1365476,0.440063,-0.416870,-0.559265,0.565491,86.1440,0
8.4800,1365486,0.439941,-0.416748,-0.559326,0.565613,86.1371,0
8.4900,1365496,0.439880,-0.416626,-0.559326,0.565735,86.1359,0
8.5000,1365506,0.439819,-0.416443,-0.559448,0.565857,86.1414,0
8.5100,1365516,0.439758,-0.416260,-0.559509,0.565918,86.1538,0
8.5200,1365526,0.439819,-0.416077,-0.559509,0.566040,86.1715,0
8.5300,1365536,0.439819,-0.415894,-0.559509,0.566162,86.1908,0
8.5400,1365546,0.439819,-0.415771,-0.559448,0.566284,86.2042,0
8.5500,1365556,0.439819,-0.415771,-0.559448,0.566284,86.2028,0
8.5600,1365566,0.439758,-0.415894,-0.559448,0.566223,86.1925,0
8.5700,1365576,0.439697,-0.416016,-0.559448,0.566223,86.1785,0
8.5800,1365586,0.439636,-0.416077,-0.559387,0.566284,86.1716,0
8.5900,1365596,0.439636,-0.416077,-0.559326,0.566345,86.1812,0
8.6000,1365606,0.439758,-0.415955,-0.559204,0.566467,86.2015,0
8.6100,1365616,0.439819,-0.415894,-0.559082,0.566589,86.2197,0
8.6200,1365626,0.439880,-0.415833,-0.559021,0.566650,86.2191,0
8.6300,1365636,0.439880,-0.415771,-0.559082,0.566650,86.2140,0
8.6400,1365646,0.439880,-0.415710,-0.559143,0.566650,86.2037,0
8.6500,1365656,0.439819,-0.415710,-0.559204,0.566589,86.1904,0
8.6600,1365666,0.439758,-0.415710,-0.559265,0.566528,86.1777,0
8.6700,1365676,0.439697,-0.415833,-0.559326,0.566528,86.1715,0
8.6800,1365686,0.439636,-0.415894,-0.559265,0.566589,86.1721,0
8.6900,1365696,0.439514,-0.415955,-0.559082,0.566711,86.1781,0
8.7000,1365706,0.439514,-0.415955,-0.559021,0.566833,86.1897,0
8.7100,1365716,0.439575,-0.415955,-0.558899,0.566956,86.1983,0
8.7200,1365726,0.439575,-0.415894,-0.558899,0.566956,86.2006,0
8.7300,1365736,0.439575,-0.415894,-0.558899,0.566956,86.1974,0
8.7400,1365746,0.439636,-0.415955,-0.558838,0.566956,86.1991,0
8.7500,1365756,0.439697,-0.416016,-0.558777,0.566895,86.2002,0
8.7600,1365766,0.439697,-0.416077,-0.558777,0.566895,86.1928,0
8.7700,1365776,0.439697,-0.416138,-0.558777,0.566772,86.1740,0
8.7800,1365786,0.439636,-0.416321,-0.558838,0.566650,86.1482,0
8.7900,1365796,0.439575,-0.416443,-0.558838,0.566589,86.1291,0
8.8000,1365806,0.439575,-0.416504,-0.558838,0.566589,86.1240,0
8.8100,1365816,0.439575,-0.416504,-0.558777,0.566650,86.1322,0
8.8200,1365826,0.439636,-0.416382,-0.558655,0.566772,86.1471,0
8.8300,1365836,0.439575,-0.416260,-0.558655,0.566895,86.1524,0
8.8400,1365846,0.439514,-0.416199,-0.558716,0.566895,86.1443,0
8.8500,1365856,0.439453,-0.416199,-0.558838,0.566895,86.1272,0
8.8600,1365866,0.439331,-0.416199,-0.558960,0.566895,86.1097,0
8.8700,1365876,0.439209,-0.416199,-0.559082,0.566833,86.0955,0
8.8800,1365886,0.439148,-0.416138,-0.559082,0.566895,86.0908,0
8.8900,1365896,0.439148,-0.416077,-0.559143,0.566895,86.0936,0
8.9000,1365906,0.439148,-0.416016,-0.559082,0.567017,86.1075,0
8.9100,1365916,0.439209,-0.415955,-0.559021,0.567078,86.1201,0
8.9200,1365926,0.439270,-0.415833,-0.558960,0.567139,86.1279,0
8.9300,1365936,0.439392,-0.415771,-0.558960,0.567139,86.1343,0
8.9400,1365946,0.439453,-0.415710,-0.558960,0.567139,86.1356,0
8.9500,1365956,0.439453,-0.415710,-0.558960,0.567139,86.1333,0
8.9600,1365966,0.439453,-0.415710,-0.558960,0.567139,86.1364,0
8.9700,1365976,0.439392,-0.415710,-0.558899,0.567261,86.1410,0
8.9800,1365986,0.439392,-0.415710,-0.558838,0.567322,86.1448,0
8.9900,1365996,0.439331,-0.415771,-0.558777,0.567383,86.1419,0
9.0000,1366006,0.439209,-0.415894,-0.558777,0.567383,86.1290,0
9.0100,1366016,0.439087,-0.415955,-0.558777,0.567383,86.1114,0
9.0200,1366026,0.439087,-0.416016,-0.558838,0.567261,86.0965,0
9.0300,1366036,0.439087,-0.416016,-0.558838,0.567261,86.0913,0
9.0400,1366046,0.439148,-0.415955,-0.558899,0.567261,86.0910,0
9.0500,1366056,0.439209,-0.415894,-0.558960,0.567200,86.0937,0
9.0600,1366066,0.439331,-0.415771,-0.559021,0.567078,86.0957,0
9.0700,1366076,0.439453,-0.415710,-0.559082,0.567017,86.0990,0
9.0800,1366086,0.439575,-0.415710,-0.559082,0.566895,86.1015,0
9.0900,1366096,0.439697,-0.415771,-0.559021,0.566833,86.1021,0
9.1000,1366106,0.439819,-0.415833,-0.558960,0.566711,86.0984,0
9.1100,1366116,0.439880,-0.415955,-0.558899,0.566650,86.1004,0
9.1200,1366126,0.440002,-0.416016,-0.558777,0.566650,86.1117,0
9.1300,1366136,0.440186,-0.416016,-0.558594,0.566711,86.1343,0
9.1400,1366146,0.440308,-0.415955,-0.558411,0.566772,86.1600,0
9.1500,1366156,0.440430,-0.415894,-0.558289,0.566895,86.1778,0
9.1600,1366166,0.440430,-0.415894,-0.558289,0.566895,86.1776,0
9.1700,1366176,0.440308,-0.416016,-0.558350,0.566833,86.1577,0
9.1800,1366186,0.440186,-0.416138,-0.558472,0.566711,86.1335,0
9.1900,1366196,0.440002,-0.416321,-0.558533,0.566650,86.1223,0
9.2000,1366206,0.439880,-0.416382,-0.558594,0.566711,86.1222,0
9.2100,1366216,0.439819,-0.416382,-0.558594,0.566772,86.1246,0
9.2200,1366226,0.439697,-0.416321,-0.558594,0.566833,86.1268,0
9.2300,1366236,0.439697,-0.416260,-0.558655,0.566833,86.1260,0
9.2400,1366246,0.439636,-0.416260,-0.558655,0.566895,86.1240,0
9.2500,1366256,0.439636,-0.416199,-0.558655,0.566895,86.1239,0
9.2600,1366266,0.439697,-0.416138,-0.558716,0.566833,86.1214,0
9.2700,1366276,0.439758,-0.416199,-0.558777,0.566711,86.1121,0
9.2800,1366286,0.439819,-0.416321,-0.558838,0.566528,86.0920,0
9.2900,1366296,0.439819,-0.416382,-0.558960,0.566284,86.0681,0
9.3000,1366306,0.439819,-0.416504,-0.559082,0.566101,86.0454,0
9.3100,1366316,0.439819,-0.416626,-0.559204,0.565918,86.0304,0
9.3200,1366326,0.439819,-0.416626,-0.559265,0.565857,86.0280,0
9.3300,1366336,0.439880,-0.416565,-0.559204,0.565918,86.0400,0
9.3400,1366346,0.439941,-0.416504,-0.559082,0.566040,86.0626,0
9.3500,1366356,0.440002,-0.416443,-0.559021,0.566101,86.0895,0
9.3600,1366366,0.440125,-0.416321,-0.558899,0.566223,86.1138,0
9.3700,1366376,0.440186,-0.416260,-0.558777,0.566284,86.1280,0
9.3800,1366386,0.440186,-0.416321,-0.558777,0.566284,86.1291,0
9.3900,1366396,0.440186,-0.416443,-0.558777,0.566223,86.1212,0
9.4000,1366406,0.440125,-0.416565,-0.558655,0.566284,86.1172,0
9.4100,1366416,0.440125,-0.416626,-0.558594,0.566284,86.1151,0
9.4200,1366426,0.440063,-0.416748,-0.558533,0.566345,86.1124,0
9.4300,1366436,0.440063,-0.416748,-0.558533,0.566345,86.1058,0
9.4400,1366446,0.440063,-0.416748,-0.558594,0.566284,86.0972,0
9.4500,1366456,0.440063,-0.416809,-0.558655,0.566223,86.0885,0
9.4600,1366466,0.440063,-0.416809,-0.558716,0.566101,86.0850,0
9.4700,1366476,0.440063,-0.416748,-0.558716,0.566101,86.0888,0
9.4800,1366486,0.440063,-0.416748,-0.558716,0.566101,86.0942,0
9.4900,1366496,0.440063,-0.416748,-0.558716,0.566101,86.0922,0
9.5000,1366506,0.440063,-0.416748,-0.558716,0.566101,86.0861,0
9.5100,1366516,0.440063,-0.416748,-0.558777,0.566040,86.0779,0
9.5200,1366526,0.440002,-0.416809,-0.558838,0.565979,86.0708,0
9.5300,1366536,0.440002,-0.416809,-0.558899,0.565918,86.0717,0
9.5400,1366546,0.440125,-0.416748,-0.558899,0.565918,86.0833,0
9.5500,1366556,0.440186,-0.416626,-0.558838,0.565979,86.1038,0
9.5600,1366566,0.440308,-0.416504,-0.558777,0.566040,86.1221,0
9.5700,1366576,0.440308,-0.416504,-0.558777,0.566040,86.1264,0
9.5800,1366586,0.440247,-0.416565,-0.558838,0.565979,86.1126,0
9.5900,1366596,0.440186,-0.416687,-0.558960,0.565857,86.0895,0
9.6000,1366606,0.440063,-0.416748,-0.559082,0.565735,86.0699,0
9.6100,1366616,0.440063,-0.416748,-0.559082,0.565735,86.0685,0
9.6200,1366626,0.440125,-0.416687,-0.558960,0.565857,86.0868,0
9.6300,1366636,0.440247,-0.416626,-0.558838,0.565979,86.1124,0
9.6400,1366646,0.440308,-0.416565,-0.558777,0.566040,86.1273,0
9.6500,1366656,0.440308,-0.416504,-0.558838,0.565979,86.1225,0
9.6600,1366666,0.440308,-0.416565,-0.558899,0.565918,86.1024,0
9.6700,1366676,0.440247,-0.416565,-0.559021,0.565857,86.0817,0
9.6800,1366686,0.440125,-0.416565,-0.559082,0.565857,86.0716,0
9.6900,1366696,0.440125,-0.416504,-0.559143,0.565918,86.0707,0
9.7000,1366706,0.440002,-0.416443,-0.559082,0.565979,86.0752,0
9.7100,1366716,0.439880,-0.416443,-0.559143,0.566101,86.0741,0
9.7200,1366726,0.439758,-0.416443,-0.559204,0.566101,86.0654,0
9.7300,1366736,0.439636,-0.416443,-0.559326,0.566101,86.0517,0
9.7400,1366746,0.439575,-0.416382,-0.559387,0.566101,86.0459,0
9.7500,1366756,0.439514,-0.416321,-0.559448,0.566162,86.0582,0
9.7600,1366766,0.439453,-0.416260,-0.559448,0.566223,86.0698,0
9.7700,1366776,0.439514,-0.416199,-0.559387,0.566284,86.0755,0
9.7800,1366786,0.439514,-0.416199,-0.559387,0.566284,86.0739,0
9.7900,1366796,0.439514,-0.416199,-0.559387,0.566284,86.0705,0
9.8000,1366806,0.439453,-0.416260,-0.559448,0.566223,86.0667,0
9.8100,1366816,0.439453,-0.416321,-0.559509,0.566162,86.0625,0
9.8200,1366826,0.439392,-0.416321,-0.559570,0.566101,86.0543,0
9.8300,1366836,0.439331,-0.416443,-0.559631,0.566040,86.0394,0
9.8400,1366846,0.439209,-0.416504,-0.559753,0.565918,86.0206,0
9.8500,1366856,0.439148,-0.416565,-0.559875,0.565796,86.0044,0
9.8600,1366866,0.439087,-0.416626,-0.559937,0.565735,85.9968,0
9.8700,1366876,0.439148,-0.416687,-0.559937,0.565735,86.0026,0
9.8800,1366886,0.439209,-0.416687,-0.559814,0.565735,86.0182,0
9.8900,1366896,0.439331,-0.416626,-0.559753,0.565796,86.0396,0
9.9000,1366906,0.439453,-0.416626,-0.559631,0.565796,86.0581,0
9.9100,1366916,0.439514,-0.416626,-0.559509,0.565857,86.0745,0
9.9200,1366926,0.439636,-0.416626,-0.559387,0.565857,86.0842,0
9.9300,1366936,0.439697,-0.416687,-0.559387,0.565857,86.0838,0
9.9400,1366946,0.439636,-0.416748,-0.559387,0.565735,86.0740,0
9.9500,1366956,0.439636,-0.416809,-0.559448,0.565735,86.0665,0
9.9600,1366966,0.439636,-0.416809,-0.559387,0.565735,86.0647,0
9.9700,1366976,0.439636,-0.416809,-0.559387,0.565735,86.0683,0
9.9800,1366986,0.439636,-0.416809,-0.559387,0.565796,86.0711,0
9.9900,1366996,0.439575,-0.416870,-0.559326,0.565857,86.0744,0
10.0000,1367006,0.439453,-0.416931,-0.559265,0.565918,86.0774,0
10.0100,1367016,0.439453,-0.416992,-0.559204,0.565979,86.0802,0
10.0200,1367026,0.439453,-0.416992,-0.559204,0.565979,86.0793,0
10.0300,1367036,0.439392,-0.416931,-0.559204,0.565979,86.0755,0
10.0400,1367046,0.439392,-0.416870,-0.559265,0.566040,86.0738,0
10.0500,1367056,0.439392,-0.416748,-0.559387,0.565979,86.0752,0
10.0600,1367066,0.439453,-0.416687,-0.559448,0.565979,86.0812,0
10.0700,1367076,0.439514,-0.416626,-0.559448,0.565918,86.0858,0
10.0800,1367086,0.439575,-0.416687,-0.559448,0.565857,86.0854,0
10.0900,1367096,0.439636,-0.416748,-0.559387,0.565796,86.0862,0
10.1000,1367106,0.439758,-0.416870,-0.559265,0.565674,86.0869,0
10.1100,1367116,0.439819,-0.416931,-0.559204,0.565674,86.0900,0
10.1200,1367126,0.439880,-0.416992,-0.559204,0.565613,86.0965,0
10.1300,1367136,0.439941,-0.416992,-0.559143,0.565613,86.1051,0
10.1400,1367146,0.439941,-0.416992,-0.559082,0.565674,86.1114,0
10.1500,1367156,0.440002,-0.416992,-0.559082,0.565613,86.1121,0
10.1600,1367166,0.440063,-0.417053,-0.559021,0.565613,86.1098,0
10.1700,1367176,0.440063,-0.417053,-0.558960,0.565613,86.1087,0
10.1800,1367186,0.440063,-0.417053,-0.558960,0.565613,86.1107,0
10.1900,1367196,0.440125,-0.417053,-0.558960,0.565674,86.1109,0
10.2000,1367206,0.440063,-0.417053,-0.558899,0.565735,86.1068,0
10.2100,1367216,0.440002,-0.417175,-0.558838,0.565735,86.0988,0
10.2200,1367226,0.439941,-0.417236,-0.558838,0.565735,86.0857,0
10.2300,1367236,0.439880,-0.417297,-0.558777,0.565796,86.0792,0
10.2400,1367246,0.439880,-0.417297,-0.558716,0.565857,86.0760,0
10.2500,1367256,0.439880,-0.417236,-0.558716,0.565918,86.0825,0
10.2600,1367266,0.439880,-0.417175,-0.558655,0.565979,86.0916,0
10.2700,1367276,0.439880,-0.417175,-0.558655,0.566040,86.0883,0
10.2800,1367286,0.439819,-0.417236,-0.558716,0.565918,86.0692,0
10.2900,1367296,0.439758,-0.417358,-0.558777,0.565857,86.0463,0
10.3000,1367306,0.439636,-0.417419,-0.558838,0.565857,86.0341,0
10.3100,1367316,0.439575,-0.417358,-0.558777,0.565979,86.0539,0
10.3200,1367326,0.439575,-0.417297,-0.558655,0.566162,86.0656,0
10.3300,1367336,0.439575,-0.417236,-0.558655,0.566223,86.0607,0
10.3400,1367346,0.439575,-0.417236,-0.558594,0.566223,86.0388,0
10.3500,1367356,0.439514,-0.417358,-0.558716,0.566101,86.0085,0
10.3600,1367366,0.439392,-0.417480,-0.558899,0.565918,85.9815,0
10.3700,1367376,0.439270,-0.417603,-0.559021,0.565796,85.9623,0
10.3800,1367386,0.439209,-0.417725,-0.559082,0.565735,85.9582,0
10.3900,1367396,0.439148,-0.417664,-0.559143,0.565735,85.9657,0
10.4000,1367406,0.439209,-0.417542,-0.559021,0.565918,85.9876,0
10.4100,1367416,0.439392,-0.417358,-0.558899,0.566040,86.0210,0
10.4200,1367426,0.439514,-0.417175,-0.558777,0.566162,86.0528,0
10.4300,1367436,0.439636,-0.417114,-0.558777,0.566162,86.0663,0
10.4400,1367446,0.439636,-0.417175,-0.558777,0.566101,86.0590,0
10.4500,1367456,0.439636,-0.417236,-0.558777,0.566040,86.0479,0
10.4600,1367466,0.439575,-0.417358,-0.558777,0.565979,86.0397,0
10.4700,1367476,0.439514,-0.417419,-0.558777,0.565979,86.0319,0
10.4800,1367486,0.439453,-0.417480,-0.558777,0.566040,86.0303,0
10.4900,1367496,0.439392,-0.417480,-0.558655,0.566162,86.0437,0
10.5000,1367506,0.439392,-0.417358,-0.558533,0.566406,86.0694,0
10.5100,1367516,0.439453,-0.417236,-0.558411,0.566589,86.0932,0
10.5200,1367526,0.439453,-0.417175,-0.558350,0.566650,86.1016,0
10.5300,1367536,0.439575,-0.417175,-0.558350,0.566528,86.0948,0
10.5400,1367546,0.439758,-0.417175,-0.558472,0.566345,86.0825,0
10.5500,1367556,0.439941,-0.417175,-0.558533,0.566040,86.0672,0
10.5600,1367566,0.440125,-0.417236,-0.558655,0.565796,86.0570,0
10.5700,1367576,0.440369,-0.417236,-0.558655,0.565552,86.0509,0
10.5800,1367586,0.440613,-0.417236,-0.558655,0.565369,86.0530,0
10.5900,1367596,0.440796,-0.417236,-0.558655,0.565247,86.0574,0
10.6000,1367606,0.440979,-0.417175,-0.558594,0.565186,86.0734,0
10.6100,1367616,0.441223,-0.417114,-0.558533,0.565125,86.0898,0
10.6200,1367626,0.441345,-0.417053,-0.558472,0.565125,86.0988,0
10.6300,1367636,0.441406,-0.417114,-0.558411,0.565125,86.0985,0
10.6400,1367646,0.441467,-0.417175,-0.558350,0.565063,86.0976,0
10.6500,1367656,0.441528,-0.417236,-0.558350,0.565063,86.1092,0
10.6600,1367666,0.441528,-0.417175,-0.558167,0.565247,86.1321,0
10.6700,1367676,0.441528,-0.417053,-0.557983,0.565430,86.1539,0
10.6800,1367686,0.441528,-0.416992,-0.557861,0.565674,86.1669,0
10.6900,1367696,0.441406,-0.416931,-0.557861,0.565796,86.1665,0
10.7000,1367706,0.441284,-0.416809,-0.557861,0.565979,86.1651,0
10.7100,1367716,0.441101,-0.416748,-0.557922,0.566101,86.1684,0
10.7200,1367726,0.440979,-0.416626,-0.557983,0.566223,86.1722,0
10.7300,1367736,0.440857,-0.416565,-0.557983,0.566345,86.1674,0
10.7400,1367746,0.440674,-0.416687,-0.558105,0.566345,86.1463,0
10.7500,1367756,0.440491,-0.416870,-0.558167,0.566223,86.1113,0
10.7600,1367766,0.440247,-0.417053,-0.558289,0.566162,86.0803,0
10.7700,1367776,0.440125,-0.417175,-0.558228,0.566162,86.0693,0
10.7800,1367786,0.440125,-0.417236,-0.558167,0.566284,86.0815,0
10.7900,1367796,0.440247,-0.417114,-0.557983,0.566467,86.1143,0
10.8000,1367806,0.440430,-0.416992,-0.557800,0.566589,86.1450,0
10.8100,1367816,0.440552,-0.416931,-0.557678,0.566650,86.1551,0
10.8200,1367826,0.440552,-0.416931,-0.557739,0.566528,86.1410,0
10.8300,1367836,0.440552,-0.416992,-0.557861,0.566406,86.1133,0
10.8400,1367846,0.440552,-0.416992,-0.557983,0.566284,86.0918,0
10.8500,1367856,0.440491,-0.417053,-0.557983,0.566284,86.0844,0
10.8600,1367866,0.440491,-0.416992,-0.557983,0.566284,86.0874,0
10.8700,1367876,0.440491,-0.417053,-0.557922,0.566345,86.0921,0
10.8800,1367886,0.440430,-0.417114,-0.557922,0.566406,86.0924,0
10.8900,1367896,0.440369,-0.417175,-0.557861,0.566467,86.0890,0
10.9000,1367906,0.440308,-0.417236,-0.557800,0.566528,86.0940,0
10.9100,1367916,0.440247,-0.417297,-0.557678,0.566650,86.1083,0
10.9200,1367926,0.440308,-0.417236,-0.557556,0.566772,86.1219,0
10.9300,1367936,0.440308,-0.417114,-0.557434,0.566895,86.1241,0
10.9400,1367946,0.440369,-0.417114,-0.557434,0.566895,86.1150,0
10.9500,1367956,0.440491,-0.417053,-0.557495,0.566772,86.1015,0
10.9600,1367966,0.440613,-0.417053,-0.557495,0.566711,86.0960,0
10.9700,1367976,0.440735,-0.417053,-0.557495,0.566589,86.0931,0
10.9800,1367986,0.440796,-0.417053,-0.557556,0.566528,86.0851,0
10.9900,1367996,0.440735,-0.417114,-0.557556,0.566406,86.0685,0
11.0000,1368006,0.440735,-0.417236,-0.557617,0.566284,86.0510,0
11.0100,1368016,0.440735,-0.417358,-0.557556,0.566284,86.0432,0
11.0200,1368026,0.440796,-0.417297,-0.557495,0.566406,86.0549,0
11.0300,1368036,0.440918,-0.417114,-0.557312,0.566589,86.0844,0
11.0400,1368046,0.440979,-0.416870,-0.557129,0.566895,86.1189,0
11.0500,1368056,0.440979,-0.416687,-0.557068,0.567078,86.1380,0
11.0600,1368066,0.440857,-0.416565,-0.557129,0.567200,86.1307,0
11.0700,1368076,0.440674,-0.416565,-0.557312,0.567139,86.1059,0
11.0800,1368086,0.440491,-0.416565,-0.557556,0.567078,86.0806,0
11.0900,1368096,0.440369,-0.416565,-0.557678,0.567078,86.0654,0
11.1000,1368106,0.440308,-0.416504,-0.557739,0.567078,86.0582,0
11.1100,1368116,0.440308,-0.416504,-0.557739,0.567078,86.0578,0
11.1200,1368126,0.440308,-0.416504,-0.557739,0.567078,86.0610,0
11.1300,1368136,0.440369,-0.416504,-0.557678,0.567078,86.0676,0
11.1400,1368146,0.440369,-0.416504,-0.557617,0.567139,86.0751,0
11.1500,1368156,0.440430,-0.416443,-0.557678,0.567139,86.0774,0
11.1600,1368166,0.440369,-0.416504,-0.557739,0.567078,86.0559,0
11.1700,1368176,0.440308,-0.416565,-0.557800,0.566956,86.0265,0
11.1800,1368186,0.440186,-0.416687,-0.557983,0.566833,86.0046,0
11.1900,1368196,0.440063,-0.416809,-0.558044,0.566711,85.9986,0
11.2000,1368206,0.439941,-0.416931,-0.558105,0.566711,86.0022,0
11.2100,1368216,0.439880,-0.416992,-0.558044,0.566772,86.0104,0
11.2200,1368226,0.439941,-0.417053,-0.557922,0.566772,86.0164,0
11.2300,1368236,0.440125,-0.417114,-0.557800,0.566711,86.0203,0
11.2400,1368246,0.440308,-0.417114,-0.557739,0.566589,86.0290,0
11.2500,1368256,0.440552,-0.417053,-0.557739,0.566467,86.0390,0
11.2600,1368266,0.440796,-0.416992,-0.557739,0.566345,86.0437,0
11.2700,1368276,0.440918,-0.416992,-0.557739,0.566223,86.0418,0
11.2800,1368286,0.441040,-0.417053,-0.557800,0.566040,86.0353,0
11.2900,1368296,0.441162,-0.417175,-0.557678,0.565979,86.0356,0
11.3000,1368306,0.441162,-0.417297,-0.557617,0.565979,86.0437,0
11.3100,1368316,0.441223,-0.417419,-0.557495,0.565979,86.0476,0
11.3200,1368326,0.441162,-0.417542,-0.557373,0.565979,86.0424,0
11.3300,1368336,0.441101,-0.417725,-0.557373,0.565918,86.0280,0
11.3400,1368346,0.440979,-0.417847,-0.557434,0.565857,86.0113,0
11.3500,1368356,0.440979,-0.417847,-0.557495,0.565796,86.0002,0
11.3600,1368366,0.440979,-0.417847,-0.557434,0.565857,85.9986,0
11.3700,1368376,0.440979,-0.417847,-0.557434,0.565857,86.0059,0
11.3800,1368386,0.441040,-0.417725,-0.557373,0.565979,86.0230,0
11.3900,1368396,0.441101,-0.417542,-0.557373,0.566040,86.0392,0
11.4000,1368406,0.441223,-0.417480,-0.557373,0.566040,86.0463,0
11.4100,1368416,0.441223,-0.417419,-0.557434,0.565979,86.0430,0
11.4200,1368426,0.441223,-0.417419,-0.557495,0.565918,86.0339,0
11.4300,1368436,0.441223,-0.417542,-0.557495,0.565796,86.0187,0
11.4400,1368446,0.441284,-0.417725,-0.557556,0.565613,86.0036,0
11.4500,1368456,0.441284,-0.417847,-0.557495,0.565552,86.0024,0
11.4600,1368466,0.441284,-0.417908,-0.557434,0.565613,86.0078,0
11.4700,1368476,0.441284,-0.417908,-0.557373,0.565674,86.0147,0
11.4800,1368486,0.441284,-0.417908,-0.557312,0.565735,86.0177,0
11.4900,1368496,0.441284,-0.417847,-0.557312,0.565796,86.0116,0
11.5000,1368506,0.441162,-0.417786,-0.557373,0.565857,85.9975,0
11.5100,1368516,0.440918,-0.417725,-0.557617,0.565796,85.9835,0
11.5200,1368526,0.440796,-0.417664,-0.557739,0.565857,85.9780,0
11.5300,1368536,0.440674,-0.417603,-0.557800,0.565918,85.9852,0
11.5400,1368546,0.440613,-0.417542,-0.557739,0.566101,86.0009,0
11.5500,1368556,0.440552,-0.417542,-0.557678,0.566223,86.0159,0
11.5600,1368566,0.440552,-0.417542,-0.557678,0.566223,86.0186,0
11.5700,1368576,0.440552,-0.417603,-0.557678,0.566162,86.0118,0
11.5800,1368586,0.440552,-0.417664,-0.557678,0.566101,86.0052,0
11.5900,1368596,0.440613,-0.417725,-0.557617,0.566040,86.0062,0
11.6000,1368606,0.440674,-0.417664,-0.557556,0.566162,86.0225,0
11.6100,1368616,0.440796,-0.417542,-0.557373,0.566284,86.0517,0
11.6200,1368626,0.440857,-0.417419,-0.557251,0.566467,86.0805,0
11.6300,1368636,0.440979,-0.417358,-0.557129,0.566528,86.0967,0
11.6400,1368646,0.441040,-0.417419,-0.557068,0.566467,86.0907,0
11.6500,1368656,0.440979,-0.417603,-0.557068,0.566345,86.0666,0
11.6600,1368666,0.440918,-0.417847,-0.557129,0.566223,86.0413,0
11.6700,1368676,0.440918,-0.417908,-0.557007,0.566223,86.0339,0
11.6800,1368686,0.440979,-0.417969,-0.556885,0.566345,86.0476,0
11.6900,1368696,0.441101,-0.417847,-0.556763,0.566406,86.0678,0
11.7000,1368706,0.441101,-0.417786,-0.556702,0.566528,86.0792,0
11.7100,1368716,0.441101,-0.417786,-0.556702,0.566528,86.0788,0
11.7200,1368726,0.441101,-0.417786,-0.556702,0.566528,86.0725,0
11.7300,1368736,0.441101,-0.417786,-0.556702,0.566528,86.0665,0
11.7400,1368746,0.441162,-0.417786,-0.556702,0.566467,86.0578,0
11.7500,1368756,0.441284,-0.417725,-0.556763,0.566406,86.0401,0
11.7600,1368766,0.441345,-0.417786,-0.556824,0.566223,86.0270,0
11.7700,1368776,0.441467,-0.417847,-0.556885,0.566040,86.0252,0
11.7800,1368786,0.441589,-0.417908,-0.556885,0.565918,86.0366,0
11.7900,1368796,0.441711,-0.417908,-0.556763,0.565918,86.0557,0
11.8000,1368806,0.441956,-0.417969,-0.556519,0.565918,86.0649,0
11.8100,1368816,0.442017,-0.418030,-0.556458,0.565918,86.0606,0
11.8200,1368826,0.441956,-0.418030,-0.556396,0.565979,86.0548,0
11.8300,1368836,0.442017,-0.418030,-0.556274,0.566101,86.0532,0
11.8400,1368846,0.441956,-0.417908,-0.556213,0.566284,86.0571,0
11.8500,1368856,0.441895,-0.417725,-0.556274,0.566406,86.0555,0
11.8600,1368866,0.441772,-0.417542,-0.556396,0.566528,86.0517,0
11.8700,1368876,0.441650,-0.417358,-0.556580,0.566528,86.0439,0
11.8800,1368886,0.441589,-0.417114,-0.556763,0.566589,86.0407,0
11.8900,1368896,0.441589,-0.416992,-0.556885,0.566589,86.0429,0
11.9000,1368906,0.441589,-0.416870,-0.556885,0.566650,86.0522,0
11.9100,1368916,0.441650,-0.416748,-0.556885,0.566711,86.0652,0
11.9200,1368926,0.441711,-0.416687,-0.556824,0.566711,86.0789,0
11.9300,1368936,0.441772,-0.416748,-0.556824,0.566650,86.0830,0
11.9400,1368946,0.441772,-0.416809,-0.556824,0.566589,86.0774,0
11.9500,1368956,0.441833,-0.416870,-0.556824,0.566528,86.0677,0
11.9600,1368966,0.441772,-0.416931,-0.556763,0.566589,86.0686,0
11.9700,1368976,0.441833,-0.416870,-0.556641,0.566711,86.0885,0
11.9800,1368986,0.441833,-0.416809,-0.556458,0.566956,86.1133,0
11.9900,1368996,0.441772,-0.416809,-0.556335,0.567139,86.1213,0
12.0000,1369006,0.441589,-0.416870,-0.556274,0.567261,86.1141,0
12.0100,1369016,0.441406,-0.416931,-0.556274,0.567383,86.1066,0
12.0200,1369026,0.441223,-0.416992,-0.556213,0.567505,86.1047,0
12.0300,1369036,0.441101,-0.416992,-0.556152,0.567688,86.1076,0
12.0400,1369046,0.440979,-0.416931,-0.556091,0.567871,86.1021,0
12.0500,1369056,0.440796,-0.416931,-0.556091,0.568054,86.0843,0
12.0600,1369066,0.440613,-0.416931,-0.556152,0.568054,86.0596,0
12.0700,1369076,0.440491,-0.416992,-0.556213,0.568054,86.0415,0
12.0800,1369086,0.440308,-0.417053,-0.556213,0.568115,86.0326,0
12.0900,1369096,0.440247,-0.417114,-0.556213,0.568176,86.0253,0
12.1000,1369106,0.440186,-0.417175,-0.556152,0.568237,86.0136,0
12.1100,1369116,0.440186,-0.417175,-0.556213,0.568176,85.9978,0
12.1200,1369126,0.440186,-0.417236,-0.556274,0.568115,85.9851,0
12.1300,1369136,0.440247,-0.417236,-0.556152,0.568176,85.9885,0
12.1400,1369146,0.440369,-0.417175,-0.556030,0.568237,86.0054,0
12.1500,1369156,0.440552,-0.417114,-0.555847,0.568298,86.0262,0
12.1600,1369166,0.440674,-0.417114,-0.555664,0.568420,86.0394,0
12.1700,1369176,0.440735,-0.417114,-0.555664,0.568359,86.0348,0
12.1800,1369186,0.440735,-0.417114,-0.555725,0.568298,86.0113,0
12.1900,1369196,0.440613,-0.417114,-0.555847,0.568237,85.9754,0
12.2000,1369206,0.440430,-0.417175,-0.556030,0.568176,85.9425,0
12.2100,1369216,0.440308,-0.417114,-0.556152,0.568176,85.9267,0
12.2200,1369226,0.440186,-0.416992,-0.556152,0.568359,85.9300,0
12.2300,1369236,0.440125,-0.416931,-0.556091,0.568542,85.9427,0
12.2400,1369246,0.440125,-0.416748,-0.556091,0.568665,85.9577,0
12.2500,1369256,0.440125,-0.416748,-0.556091,0.568665,85.9589,0
12.2600,1369266,0.440063,-0.416809,-0.556152,0.568604,85.9417,0
12.2700,1369276,0.439941,-0.416870,-0.556274,0.568481,85.9187,0
12.2800,1369286,0.439941,-0.416931,-0.556274,0.568481,85.9100,0
12.2900,1369296,0.440063,-0.416809,-0.556274,0.568481,85.9261,0
12.3000,1369306,0.440186,-0.416687,-0.556213,0.568542,85.9265,0
12.3100,1369316,0.440308,-0.416565,-0.556274,0.568420,85.9086,0
12.3200,1369326,0.440369,-0.416565,-0.556458,0.568237,85.8816,0
12.3300,1369336,0.440430,-0.416626,-0.556641,0.567993,85.8666,0
12.3400,1369346,0.440430,-0.416687,-0.556702,0.567810,85.8683,0
12.3500,1369356,0.440491,-0.416748,-0.556702,0.567810,85.8848,0
12.3600,1369366,0.440552,-0.416626,-0.556580,0.567932,85.9023,0
12.3700,1369376,0.440552,-0.416626,-0.556580,0.567932,85.9082,0
12.3800,1369386,0.440552,-0.416687,-0.556641,0.567871,85.8996,0
12.3900,1369396,0.440552,-0.416687,-0.556702,0.567810,85.8884,0
12.4000,1369406,0.440613,-0.416626,-0.556763,0.567688,85.8922,0
12.4100,1369416,0.440796,-0.416565,-0.556702,0.567688,85.9113,0
12.4200,1369426,0.440918,-0.416504,-0.556580,0.567749,85.9329,0
12.4300,1369436,0.441040,-0.416504,-0.556519,0.567749,85.9440,0
12.4400,1369446,0.441040,-0.416626,-0.556519,0.567627,85.9391,0
12.4500,1369456,0.441040,-0.416748,-0.556519,0.567505,85.9267,0
12.4600,1369466,0.441040,-0.416931,-0.556519,0.567444,85.9185,0
12.4700,1369476,0.441101,-0.416992,-0.556458,0.567383,85.9202,0
12.4800,1369486,0.441162,-0.417053,-0.556396,0.567322,85.9266,0
12.4900,1369496,0.441284,-0.417053,-0.556396,0.567261,85.9350,0
12.5000,1369506,0.441406,-0.416992,-0.556335,0.567261,85.9459,0
12.5100,1369516,0.441589,-0.416870,-0.556335,0.567200,85.9576,0
12.5200,1369526,0.441711,-0.416809,-0.556396,0.567139,85.9681,0
12.5300,1369536,0.441833,-0.416748,-0.556396,0.567078,85.9770,0
12.5400,1369546,0.441956,-0.416687,-0.556396,0.567017,85.9819,0
12.5500,1369556,0.442017,-0.416687,-0.556396,0.566895,85.9818,0
12.5600,1369566,0.442078,-0.416809,-0.556335,0.566833,85.9775,0
12.5700,1369576,0.442078,-0.416870,-0.556335,0.566772,85.9728,0
12.5800,1369586,0.442139,-0.416931,-0.556274,0.566772,85.9886,0
12.5900,1369596,0.442200,-0.416870,-0.556213,0.566833,86.0042,0
12.6000,1369606,0.442261,-0.416809,-0.556152,0.566956,86.0106,0
12.6100,1369616,0.442261,-0.416748,-0.556091,0.566956,85.9996,0
12.6200,1369626,0.442261,-0.416809,-0.556152,0.566895,85.9790,0
12.6300,1369636,0.442200,-0.416870,-0.556213,0.566833,85.9624,0
12.6400,1369646,0.442139,-0.416931,-0.556335,0.566772,85.9567,0
12.6500,1369656,0.441956,-0.416931,-0.556335,0.566895,85.9667,0
12.6600,1369666,0.441895,-0.416748,-0.556213,0.567139,85.9899,0
12.6700,1369676,0.441895,-0.416565,-0.556213,0.567322,86.0155,0
12.6800,1369686,0.441895,-0.416382,-0.556152,0.567444,86.0369,0
12.6900,1369696,0.441833,-0.416321,-0.556213,0.567566,86.0447,0
12.7000,1369706,0.441772,-0.416321,-0.556274,0.567566,86.0361,0
12.7100,1369716,0.441711,-0.416382,-0.556274,0.567505,86.0267,0
12.7200,1369726,0.441650,-0.416382,-0.556274,0.567505,86.0291,0
12.7300,1369736,0.441650,-0.416382,-0.556152,0.567627,86.0480,0
12.7400,1369746,0.441711,-0.416321,-0.556030,0.567810,86.0687,0
12.7500,1369756,0.441711,-0.416382,-0.556030,0.567810,86.0695,0
12.7600,1369766,0.441589,-0.416504,-0.556152,0.567627,86.0393,0
12.7700,1369776,0.441528,-0.416748,-0.556335,0.567322,85.9916,0
12.7800,1369786,0.441406,-0.416931,-0.556519,0.567139,85.9534,0
12.7900,1369796,0.441406,-0.416931,-0.556580,0.567078,85.9450,0
12.8000,1369806,0.441467,-0.416870,-0.556458,0.567139,85.9662,0
12.8100,1369816,0.441589,-0.416748,-0.556335,0.567261,85.9934,0
12.8200,1369826,0.441650,-0.416687,-0.556274,0.567383,86.0104,0
12.8300,1369836,0.441650,-0.416687,-0.556274,0.567383,86.0081,0
12.8400,1369846,0.441589,-0.416748,-0.556335,0.567322,85.9934,0
12.8500,1369856,0.441528,-0.416870,-0.556396,0.567200,85.9777,0
12.8600,1369866,0.441589,-0.416992,-0.556396,0.567078,85.9699,0
12.8700,1369876,0.441650,-0.417114,-0.556396,0.566956,85.9637,0
12.8800,1369886,0.441711,-0.417297,-0.556335,0.566833,85.9596,0
12.8900,1369896,0.441833,-0.417419,-0.556274,0.566711,85.9604,0
12.9000,1369906,0.441895,-0.417542,-0.556152,0.566650,85.9725,0
12.9100,1369916,0.441956,-0.417664,-0.556030,0.566650,85.9923,0
12.9200,1369926,0.442078,-0.417664,-0.555847,0.566772,86.0146,0
12.9300,1369936,0.442200,-0.417542,-0.555603,0.566956,86.0311,0
12.9400,1369946,0.442261,-0.417480,-0.555542,0.567017,86.0432,0
12.9500,1369956,0.442261,-0.417480,-0.555481,0.567078,86.0523,0
12.9600,1369966,0.442322,-0.417419,-0.555420,0.567139,86.0640,0
12.9700,1369976,0.442383,-0.417297,-0.555359,0.567261,86.0762,0
12.9800,1369986,0.442383,-0.417236,-0.555298,0.567322,86.0825,0
12.9900,1369996,0.442322,-0.417236,-0.555359,0.567261,86.0695,0
13.0000,1370006,0.442200,-0.417419,-0.555481,0.567200,86.0381,0
13.0100,1370016,0.442017,-0.417603,-0.555542,0.567078,86.0077,0
13.0200,1370026,0.441895,-0.417786,-0.555603,0.567017,85.9852,0
13.0300,1370036,0.441833,-0.417847,-0.555603,0.567017,85.9763,0
13.0400,1370046,0.441833,-0.417847,-0.555542,0.567078,85.9803,0
13.0500,1370056,0.441895,-0.417725,-0.555603,0.567017,85.9793,0
13.0600,1370066,0.441895,-0.417725,-0.555725,0.566956,85.9720,0
13.0700,1370076,0.441956,-0.417664,-0.555847,0.566833,85.9622,0
13.0800,1370086,0.442017,-0.417664,-0.555908,0.566711,85.9569,0
13.0900,1370096,0.442139,-0.417725,-0.555847,0.566650,85.9626,0
13.1000,1370106,0.442261,-0.417725,-0.555725,0.566650,85.9805,0
13.1100,1370116,0.442383,-0.417725,-0.555603,0.566711,85.9958,0
13.1200,1370126,0.442383,-0.417786,-0.555542,0.566650,85.9912,0
13.1300,1370136,0.442322,-0.417908,-0.555603,0.566528,85.9721,0
13.1400,1370146,0.442261,-0.418030,-0.555603,0.566467,85.9859,0
13.1500,1370156,0.442322,-0.418030,-0.555542,0.566589,86.0270,0
13.1600,1370166,0.442444,-0.417847,-0.555359,0.566772,86.0672,0
13.1700,1370176,0.442505,-0.417664,-0.555176,0.567017,86.0787,0
13.1800,1370186,0.442505,-0.417542,-0.555176,0.567139,86.0552,0
13.1900,1370196,0.442444,-0.417542,-0.555298,0.567078,86.0204,0
13.2000,1370206,0.442261,-0.417603,-0.555481,0.566956,86.0009,1
13.2100,1370216,0.442078,-0.417542,-0.555664,0.566956,86.0062,0
13.2200,1370226,0.442139,-0.417603,-0.555542,0.567017,86.0208,0
13.2300,1370236,0.442139,-0.417542,-0.555359,0.567261,86.0439,0
13.2400,1370246,0.442078,-0.417542,-0.555298,0.567322,86.0451,0
13.2500,1370256,0.442078,-0.417542,-0.555359,0.567261,86.0332,0
13.2600,1370266,0.442078,-0.417664,-0.555359,0.567200,86.0154,0
13.2700,1370276,0.442078,-0.417725,-0.555420,0.567078,86.0014,0
13.2800,1370286,0.442139,-0.417786,-0.555359,0.567078,85.9994,0
13.2900,1370296,0.442200,-0.417786,-0.555298,0.567078,86.0058,0
13.3000,1370306,0.442322,-0.417786,-0.555176,0.567139,86.0196,0
13.3100,1370316,0.442383,-0.417664,-0.555115,0.567200,86.0315,0
13.3200,1370326,0.442444,-0.417664,-0.555115,0.567139,86.0329,0
13.3300,1370336,0.442444,-0.417664,-0.555176,0.567078,86.0212,0
13.3400,1370346,0.442383,-0.417664,-0.555298,0.567017,86.0065,0
13.3500,1370356,0.442383,-0.417542,-0.555359,0.567017,86.0014,0
13.3600,1370366,0.442322,-0.417480,-0.555420,0.567078,86.0067,0
13.3700,1370376,0.442322,-0.417358,-0.555420,0.567139,86.0164,0
13.3800,1370386,0.442261,-0.417297,-0.555481,0.567200,86.0186,0
13.3900,1370396,0.442139,-0.417358,-0.555603,0.567139,86.0046,0
13.4000,1370406,0.442078,-0.417419,-0.555664,0.567078,85.9818,0
13.4100,1370416,0.442017,-0.417480,-0.555725,0.567017,85.9744,0
13.4200,1370426,0.442139,-0.417358,-0.555664,0.567017,86.0024,0
13.4300,1370436,0.442322,-0.417175,-0.555603,0.567139,86.0173,0
13.4400,1370446,0.442444,-0.417053,-0.555603,0.567139,86.0047,0
13.4500,1370456,0.442444,-0.417053,-0.555725,0.567017,85.9749,0
13.4600,1370466,0.442322,-0.417175,-0.555847,0.566833,85.9526,0
13.4700,1370476,0.442200,-0.417297,-0.556030,0.566711,85.9504,0
13.4800,1370486,0.442200,-0.417297,-0.556030,0.566650,85.9625,0
13.4900,1370496,0.442261,-0.417297,-0.555969,0.566711,85.9764,0
13.5000,1370506,0.442322,-0.417297,-0.555969,0.566650,85.9849,0
13.5100,1370516,0.442383,-0.417297,-0.555969,0.566650,85.9893,0
13.5200,1370526,0.442444,-0.417358,-0.555908,0.566589,85.9948,0
13.5300,1370536,0.442505,-0.417358,-0.555847,0.566589,86.0047,0
13.5400,1370546,0.442627,-0.417358,-0.555725,0.566589,86.0171,0
13.5500,1370556,0.442627,-0.417358,-0.555725,0.566589,86.0182,0
13.5600,1370566,0.442505,-0.417480,-0.555847,0.566528,86.0008,0
13.5700,1370576,0.442444,-0.417542,-0.556030,0.566345,85.9748,0
13.5800,1370586,0.442322,-0.417664,-0.556091,0.566284,85.9584,0
13.5900,1370596,0.442322,-0.417664,-0.556091,0.566284,85.9612,0
13.6000,1370606,0.442383,-0.417603,-0.556030,0.566345,85.9841,0
13.6100,1370616,0.442505,-0.417480,-0.555847,0.566467,86.0183,0
13.6200,1370626,0.442627,-0.417358,-0.555725,0.566650,86.0502,0
13.6300,1370636,0.442749,-0.417297,-0.555603,0.566711,86.0680,0
13.6400,1370646,0.442810,-0.417358,-0.555542,0.566650,86.0690,0
13.6500,1370656,0.442810,-0.417480,-0.555603,0.566528,86.0526,0
13.6600,1370666,0.442749,-0.417664,-0.555664,0.566406,86.0305,0
13.6700,1370676,0.442749,-0.417786,-0.555725,0.566223,86.0143,0
13.6800,1370686,0.442749,-0.417847,-0.555603,0.566284,86.0132,0
13.6900,1370696,0.442810,-0.417908,-0.555481,0.566345,86.0303,0
13.7000,1370706,0.442932,-0.417847,-0.555237,0.566528,86.0632,0
13.7100,1370716,0.443115,-0.417786,-0.554993,0.566650,86.0814,0
13.7200,1370726,0.443298,-0.417725,-0.554810,0.566711,86.0720,0
13.7300,1370736,0.443359,-0.417786,-0.554749,0.566650,86.0405,0
13.7400,1370746,0.443298,-0.417969,-0.554871,0.566467,86.0070,0
13.7500,1370756,0.443237,-0.418152,-0.554993,0.566284,85.9901,0
13.7600,1370766,0.443176,-0.418213,-0.555115,0.566223,86.0012,0
13.7700,1370776,0.443176,-0.418213,-0.554993,0.566284,86.0332,0
13.7800,1370786,0.443420,-0.417908,-0.554687,0.566650,86.0672,0
13.7900,1370796,0.443604,-0.417725,-0.554565,0.566772,86.0953,0
13.8000,1370806,0.443726,-0.417603,-0.554504,0.566772,86.1127,0
13.8100,1370816,0.443787,-0.417542,-0.554565,0.566711,86.1137,0
13.8200,1370826,0.443848,-0.417542,-0.554565,0.566650,86.1058,0
13.8300,1370836,0.443909,-0.417542,-0.554504,0.566650,86.1025,0
13.8400,1370846,0.443970,-0.417542,-0.554443,0.566650,86.1112,0
13.8500,1370856,0.444031,-0.417480,-0.554260,0.566833,86.1360,0
13.8600,1370866,0.444153,-0.417358,-0.553955,0.567139,86.1704,0
13.8700,1370876,0.444153,-0.417236,-0.553772,0.567444,86.1945,0
13.8800,1370886,0.443970,-0.417236,-0.553650,0.567688,86.1949,0
13.8900,1370896,0.443665,-0.417297,-0.553650,0.567871,86.1755,0
13.9000,1370906,0.443298,-0.417358,-0.553650,0.568176,86.1588,0
13.9100,1370916,0.442993,-0.417297,-0.553528,0.568542,86.1571,0
13.9200,1370926,0.442749,-0.417114,-0.553345,0.569031,86.1786,0
13.9300,1370936,0.442627,-0.416870,-0.553101,0.569580,86.2124,0
13.9400,1370946,0.442383,-0.416626,-0.552795,0.570190,86.2457,0
13.9500,1370956,0.442139,-0.416565,-0.552551,0.570679,86.2558,0
13.9600,1370966,0.441772,-0.416687,-0.552429,0.571045,86.2332,0
13.9700,1370976,0.441345,-0.416992,-0.552307,0.571167,86.1733,0
13.9800,1370986,0.440735,-0.417542,-0.552307,0.571289,86.0914,0
13.9900,1370996,0.440186,-0.418213,-0.552124,0.571411,86.0364,0
14.0000,1371006,0.439636,-0.418823,-0.551758,0.571655,86.0137,0
14.0100,1371016,0.439209,-0.419373,-0.551270,0.572144,86.0115,0
14.0200,1371026,0.438904,-0.419739,-0.550598,0.572693,86.0078,0
14.0300,1371036,0.438599,-0.420166,-0.549927,0.573303,85.9875,0
14.0400,1371046,0.438110,-0.420776,-0.549194,0.573914,85.9418,0
14.0500,1371056,0.437561,-0.421509,-0.548523,0.574463,85.8719,0
14.0600,1371066,0.436218,-0.423340,-0.547180,0.575378,85.7906,0
14.0700,1371076,0.435425,-0.424500,-0.546387,0.575928,85.7029,0
14.0800,1371086,0.434631,-0.425598,-0.545654,0.576477,85.6090,0
14.0900,1371096,0.433716,-0.426697,-0.544800,0.577087,85.5098,0
14.1000,1371106,0.432861,-0.427795,-0.543884,0.577759,85.4140,0
14.1100,1371116,0.431946,-0.428894,-0.542908,0.578552,85.3211,0
14.1200,1371126,0.430908,-0.430054,-0.541931,0.579407,85.2211,0
14.1300,1371136,0.429687,-0.431335,-0.541016,0.580200,85.0940,0
14.1400,1371146,0.428223,-0.432800,-0.540222,0.580872,84.9311,0
14.1500,1371156,0.426636,-0.434448,-0.539429,0.581543,84.7429,0
14.1600,1371166,0.424927,-0.436096,-0.538574,0.582336,84.5526,0
14.1700,1371176,0.423218,-0.437744,-0.537598,0.583313,84.3770,0
14.1800,1371186,0.421509,-0.439270,-0.536499,0.584412,84.2136,0
14.1900,1371196,0.419739,-0.440796,-0.535400,0.585571,84.0462,0
14.2000,1371206,0.418030,-0.442383,-0.534241,0.586670,83.8574,0
14.2100,1371216,0.416199,-0.444031,-0.533142,0.587646,83.6457,0
14.2200,1371226,0.414307,-0.445740,-0.532166,0.588623,83.3955,0
14.2300,1371236,0.412292,-0.447571,-0.531250,0.589417,83.1266,0
14.2400,1371246,0.410156,-0.449524,-0.530334,0.590332,82.8447,0
14.2500,1371256,0.407898,-0.451538,-0.529297,0.591248,82.5557,0
14.2600,1371266,0.405579,-0.453674,-0.528137,0.592285,82.2713,0
14.2700,1371276,0.403198,-0.455811,-0.526855,0.593384,81.9863,0
14.2800,1371286,0.400757,-0.458008,-0.525513,0.594482,81.6878,0
14.2900,1371296,0.398254,-0.460205,-0.524231,0.595642,81.3775,0
14.3000,1371306,0.395691,-0.462402,-0.522949,0.596802,81.0593,0
14.3100,1371316,0.393066,-0.464600,-0.521667,0.597900,80.7290,0
14.3200,1371326,0.390320,-0.466919,-0.520142,0.599243,80.3863,0
14.3300,1371336,0.387451,-0.469238,-0.518677,0.600525,80.0160,0
14.3400,1371346,0.381531,-0.474121,-0.516296,0.602600,79.6264,0
14.3500,1371356,0.378296,-0.476746,-0.514954,0.603638,79.2259,0
14.3600,1371366,0.374939,-0.479492,-0.513428,0.604858,78.8287,0
14.3700,1371376,0.371521,-0.482239,-0.511719,0.606262,78.4512,0
14.3800,1371386,0.368164,-0.484863,-0.509705,0.607910,78.1000,0
14.3900,1371396,0.364929,-0.487366,-0.507507,0.609680,77.7708,0
14.4000,1371406,0.361694,-0.489746,-0.505188,0.611633,77.4621,0
14.4100,1371416,0.358582,-0.491882,-0.502747,0.613770,77.1649,0
14.4200,1371426,0.355469,-0.493958,-0.500244,0.615906,76.8581,0
14.4300,1371436,0.352173,-0.496155,-0.497864,0.617981,76.5183,0
14.4400,1371446,0.348755,-0.498596,-0.495544,0.619812,76.1353,0
14.4500,1371456,0.345093,-0.501404,-0.493286,0.621399,75.6873,0
14.4600,1371466,0.341064,-0.504517,-0.491211,0.622742,75.1747,0
